estudiante_id,asignatura,escuela,sexo,edad,zona,tamano_familia,estado_padres,educ_madre,educ_padre,trabajo_madre,trabajo_padre,motivo_eleccion,tutor_legal,tiempo_viaje,tiempo_estudio,apoyo_escolar,apoyo_familiar,actividades,guarderia,desea_superior,internet,relacion_romantica,relacion_familiar,tiempo_libre,salidas,alcohol_semana,alcohol_finde,salud,reprobaciones_previas,reprobaciones_3mas,clases_pagadas,faltas,faltas_confiable,faltas_atipicas,nota_p1,nota_p2,nota_p3,no_evaluado_p1,no_evaluado_p2,no_evaluado_p3,en_ambas_asignaturas,en_riesgo,rendimiento_sobre_promedio,sim_lms_eventos_p1,sim_lms_minutos_p1,sim_lms_dias_activos_p1,sim_lms_tareas_revisadas_p1,sim_lms_eventos_total,sim_lms_minutos_total,sim_n_tutorias,sim_n_tutorias_completadas,sim_n_alertas,sim_nivel_alerta_max,sim_alerta_cerrada,particion,archivo_origen,fila_origen
1,MAT,GP,F,18,Urbana,>3,Separados,4,4,hogar,docente,oferta,madre,2,2,True,False,False,True,True,False,False,4,3,4,1,1,3,0,False,False,6,True,False,5,6,6,False,False,False,True,1,False,13,224,12,4,37,597,1,0,1,3,False,train,student-mat.csv,2
1,POR,GP,F,18,Urbana,>3,Separados,4,4,hogar,docente,oferta,madre,2,2,True,False,False,True,True,False,False,4,3,4,1,1,3,0,False,False,4,True,False,0,11,11,True,False,False,True,0,False,20,557,16,5,36,803,2,1,1,3,True,train,student-por.csv,2
2,MAT,GP,F,17,Urbana,>3,Juntos,1,1,hogar,otro,oferta,padre,1,2,False,True,False,False,True,True,False,5,3,3,1,1,3,0,False,False,4,True,False,5,5,6,False,False,False,True,1,False,26,513,24,4,75,1467,2,1,0,0,False,test,student-mat.csv,3
2,POR,GP,F,17,Urbana,>3,Juntos,1,1,hogar,otro,oferta,padre,1,2,False,True,False,False,True,True,False,5,3,3,1,1,3,0,False,False,2,True,False,9,11,11,False,False,False,True,0,False,6,103,6,2,24,502,2,1,1,2,False,test,student-por.csv,3
3,MAT,GP,F,15,Urbana,<=3,Juntos,1,1,hogar,otro,otro,madre,1,2,True,False,False,True,True,True,False,4,3,2,2,3,3,3,True,True,10,True,False,7,8,10,False,False,False,True,0,False,11,170,10,4,28,434,0,0,0,0,False,train,student-mat.csv,4
3,POR,GP,F,15,Urbana,<=3,Juntos,1,1,hogar,otro,otro,madre,1,2,True,False,False,True,True,True,False,4,3,2,2,3,3,0,False,False,6,True,False,12,13,12,False,False,False,True,0,False,18,341,16,3,53,949,0,0,0,0,False,train,student-por.csv,4
4,MAT,GP,F,15,Urbana,>3,Juntos,4,2,salud,servicios,cercania,madre,1,3,False,True,True,True,True,True,True,3,2,2,1,1,5,0,False,True,2,True,False,15,14,15,False,False,False,True,0,True,52,1222,33,13,133,3073,0,0,0,0,False,test,student-mat.csv,5
4,POR,GP,F,15,Urbana,>3,Juntos,4,2,salud,servicios,cercania,madre,1,3,False,True,True,True,True,True,True,3,2,2,1,1,5,0,False,False,0,True,False,14,14,14,False,False,False,True,0,True,57,1408,42,12,138,3436,0,0,0,0,False,test,student-por.csv,5
5,MAT,GP,F,16,Urbana,>3,Juntos,3,3,otro,otro,cercania,padre,1,2,False,True,False,True,True,False,False,4,3,2,1,2,5,0,False,True,4,True,False,6,10,10,False,False,False,True,0,False,4,61,4,2,20,282,3,2,1,3,True,train,student-mat.csv,6
5,POR,GP,F,16,Urbana,>3,Juntos,3,3,otro,otro,cercania,padre,1,2,False,True,False,True,True,False,False,4,3,2,1,2,5,0,False,False,0,True,False,11,13,13,False,False,False,True,0,True,3,22,3,0,7,91,0,0,0,0,False,train,student-por.csv,6
6,MAT,GP,M,16,Urbana,<=3,Juntos,4,3,servicios,otro,reputacion,madre,1,2,False,True,True,True,True,True,False,5,4,2,1,2,5,0,False,True,10,True,False,15,15,15,False,False,False,True,0,True,3,75,3,0,15,205,0,0,0,0,False,train,student-mat.csv,7
6,POR,GP,M,16,Urbana,<=3,Juntos,4,3,servicios,otro,reputacion,madre,1,2,False,True,True,True,True,True,False,5,4,2,1,2,5,0,False,False,6,True,False,12,12,13,False,False,False,True,0,True,6,122,5,2,20,282,0,0,0,0,False,train,student-por.csv,7
7,MAT,GP,M,16,Urbana,<=3,Juntos,2,2,otro,otro,cercania,madre,1,2,False,False,False,True,True,True,False,4,4,4,1,1,3,0,False,False,0,True,False,12,12,11,False,False,False,True,0,False,29,534,25,1,76,1538,0,0,0,0,False,train,student-mat.csv,8
7,POR,GP,M,16,Urbana,<=3,Juntos,2,2,otro,otro,cercania,madre,1,2,False,False,False,True,True,True,False,4,4,4,1,1,3,0,False,False,0,True,False,13,12,13,False,False,False,True,0,True,27,623,22,6,93,2073,0,0,0,0,False,train,student-por.csv,8
8,MAT,GP,F,17,Urbana,>3,Separados,4,4,otro,docente,cercania,madre,2,2,True,True,False,True,True,False,False,4,1,4,1,1,1,0,False,False,6,True,False,6,5,6,False,False,False,True,1,False,6,73,6,0,19,292,4,2,1,3,False,train,student-mat.csv,9
8,POR,GP,F,17,Urbana,>3,Separados,4,4,otro,docente,cercania,madre,2,2,True,True,False,True,True,False,False,4,1,4,1,1,1,0,False,False,2,True,False,10,13,13,False,False,False,True,0,True,7,98,7,1,14,459,0,0,0,0,False,train,student-por.csv,9
9,MAT,GP,M,15,Urbana,<=3,Separados,3,2,servicios,otro,cercania,madre,1,2,False,True,False,True,True,True,False,4,2,2,1,1,1,0,False,True,0,True,False,16,18,19,False,False,False,True,0,True,13,253,13,3,45,823,0,0,0,0,False,train,student-mat.csv,10
9,POR,GP,M,15,Urbana,<=3,Separados,3,2,servicios,otro,cercania,madre,1,2,False,True,False,True,True,True,False,4,2,2,1,1,1,0,False,False,0,True,False,15,16,17,False,False,False,True,0,True,18,327,15,3,41,716,0,0,0,0,False,train,student-por.csv,10
10,MAT,GP,M,15,Urbana,>3,Juntos,3,4,otro,otro,cercania,madre,1,2,False,True,True,True,True,True,False,5,5,1,1,1,5,0,False,True,0,True,False,14,15,15,False,False,False,True,0,True,17,582,16,3,40,1052,0,0,0,0,False,train,student-mat.csv,11
10,POR,GP,M,15,Urbana,>3,Juntos,3,4,otro,otro,cercania,madre,1,2,False,True,True,True,True,True,False,5,5,1,1,1,5,0,False,False,0,True,False,12,12,13,False,False,False,True,0,True,2,14,2,0,9,75,0,0,0,0,False,train,student-por.csv,11
11,MAT,GP,F,15,Urbana,>3,Juntos,4,4,docente,salud,reputacion,madre,1,2,False,True,False,True,True,True,False,3,3,3,1,2,2,0,False,True,0,True,False,10,8,9,False,False,False,True,1,False,23,393,23,5,50,874,0,0,0,0,False,test,student-mat.csv,12
11,POR,GP,F,15,Urbana,>3,Juntos,4,4,docente,salud,reputacion,madre,1,2,False,True,False,True,True,True,False,3,3,3,1,2,2,0,False,False,2,True,False,14,14,14,False,False,False,True,0,True,19,390,17,3,43,888,0,0,0,0,False,test,student-por.csv,12
12,MAT,GP,F,15,Urbana,>3,Juntos,2,1,servicios,otro,reputacion,padre,3,3,False,True,True,True,True,True,False,5,2,2,1,1,4,0,False,False,4,True,False,10,12,12,False,False,False,True,0,True,10,172,10,2,26,541,0,0,0,0,False,train,student-mat.csv,13
12,POR,GP,F,15,Urbana,>3,Juntos,2,1,servicios,otro,reputacion,padre,3,3,False,True,True,True,True,True,False,5,2,2,1,1,4,0,False,False,0,True,False,10,12,13,False,False,False,True,0,True,15,329,13,3,43,788,0,0,0,0,False,train,student-por.csv,13
13,MAT,GP,M,15,Urbana,<=3,Juntos,4,4,salud,servicios,oferta,padre,1,1,False,True,True,True,True,True,False,4,3,3,1,3,5,0,False,True,2,True,False,14,14,14,False,False,False,True,0,True,6,140,6,3,23,480,0,0,0,0,False,train,student-mat.csv,14
13,POR,GP,M,15,Urbana,<=3,Juntos,4,4,salud,servicios,oferta,padre,1,1,False,True,True,True,True,True,False,4,3,3,1,3,5,0,False,False,0,True,False,12,13,12,False,False,False,True,0,False,13,222,13,3,26,426,0,0,0,0,False,train,student-por.csv,14
14,MAT,GP,M,15,Urbana,>3,Juntos,4,3,docente,otro,oferta,madre,2,2,False,True,False,True,True,True,False,5,4,3,1,2,3,0,False,True,2,True,False,10,10,11,False,False,False,True,0,False,48,1267,33,6,116,2762,0,0,0,0,False,train,student-mat.csv,15
14,POR,GP,M,15,Urbana,>3,Juntos,4,3,docente,otro,oferta,madre,2,2,False,True,False,True,True,True,False,5,4,3,1,2,3,0,False,False,0,True,False,12,12,13,False,False,False,True,0,True,24,596,18,7,62,1500,0,0,0,0,False,train,student-por.csv,15
15,MAT,GP,M,15,Urbana,>3,Separados,2,2,otro,otro,cercania,otro,1,3,False,True,False,True,True,True,True,4,5,2,1,1,3,0,False,False,0,True,False,14,16,16,False,False,False,True,0,True,18,328,16,7,46,1015,0,0,0,0,False,train,student-mat.csv,16
15,POR,GP,M,15,Urbana,>3,Separados,2,2,otro,otro,cercania,otro,1,3,False,True,False,True,True,True,True,4,5,2,1,1,3,0,False,False,0,True,False,14,14,15,False,False,False,True,0,True,22,444,19,4,60,1232,0,0,0,0,False,train,student-por.csv,16
16,MAT,GP,F,16,Urbana,>3,Juntos,4,4,salud,otro,cercania,madre,1,1,False,True,False,True,True,True,False,4,4,4,1,2,2,0,False,False,4,True,False,14,14,14,False,False,False,True,0,True,15,218,14,4,38,587,0,0,0,0,False,train,student-mat.csv,17
16,POR,GP,F,16,Urbana,>3,Juntos,4,4,salud,otro,cercania,madre,1,1,False,True,False,True,True,True,False,4,4,4,1,2,2,0,False,False,6,True,False,17,17,17,False,False,False,True,0,True,8,106,8,2,17,433,0,0,0,0,False,train,student-por.csv,17
17,MAT,GP,F,16,Urbana,>3,Juntos,4,4,servicios,servicios,reputacion,madre,1,3,False,True,True,True,True,True,False,3,2,3,1,2,2,0,False,True,6,True,False,13,14,14,False,False,False,True,0,True,17,279,15,2,41,723,0,0,0,0,False,train,student-mat.csv,18
17,POR,GP,F,16,Urbana,>3,Juntos,4,4,servicios,servicios,reputacion,madre,1,3,False,True,True,True,True,True,False,3,2,3,1,2,2,0,False,False,10,True,False,13,13,14,False,False,False,True,0,True,26,592,22,3,73,1499,0,0,0,0,False,train,student-por.csv,18
18,MAT,GP,F,16,Urbana,>3,Juntos,3,3,otro,otro,reputacion,madre,3,2,True,True,True,True,True,False,False,5,3,2,1,1,4,0,False,False,4,True,False,8,10,10,False,False,False,True,0,False,4,51,4,0,17,213,2,2,1,2,True,train,student-mat.csv,19
18,POR,GP,F,16,Urbana,>3,Juntos,3,3,otro,otro,reputacion,madre,3,2,True,True,True,True,True,False,False,5,3,2,1,1,4,0,False,False,2,True,False,13,14,14,False,False,False,True,0,True,10,177,10,2,27,443,0,0,0,0,False,train,student-por.csv,19
19,MAT,GP,M,17,Urbana,>3,Juntos,3,2,servicios,servicios,oferta,madre,1,1,False,True,True,True,True,True,False,5,5,5,2,4,5,3,True,False,16,True,False,6,5,5,False,False,False,True,1,False,3,46,3,0,19,390,2,0,1,3,True,test,student-mat.csv,20
19,POR,GP,M,17,Urbana,>3,Juntos,3,2,servicios,servicios,oferta,madre,1,1,False,True,True,True,True,True,False,5,5,5,2,4,5,3,True,True,2,True,False,8,8,7,False,False,False,True,1,False,8,134,8,2,17,294,0,0,1,2,True,test,student-por.csv,20
20,MAT,GP,M,16,Urbana,<=3,Juntos,4,3,salud,otro,cercania,padre,1,1,False,False,True,True,True,True,False,3,1,3,1,3,5,0,False,True,4,True,False,8,10,10,False,False,False,True,0,False,10,179,9,0,24,593,1,0,1,2,False,train,student-mat.csv,21
20,POR,GP,M,16,Urbana,<=3,Juntos,4,3,salud,otro,cercania,padre,1,1,False,False,True,True,True,True,False,3,1,3,1,3,5,0,False,False,6,True,False,12,12,12,False,False,False,True,0,False,9,130,9,1,28,498,0,0,0,0,False,train,student-por.csv,21
21,MAT,GP,M,15,Urbana,>3,Juntos,4,3,docente,otro,reputacion,madre,1,2,False,False,False,True,True,True,False,4,4,1,1,1,1,0,False,False,0,True,False,13,14,15,False,False,False,True,0,True,17,315,14,6,46,756,0,0,0,0,False,train,student-mat.csv,22
21,POR,GP,M,15,Urbana,>3,Juntos,4,3,docente,otro,reputacion,madre,1,2,False,False,False,True,True,True,False,4,4,1,1,1,1,0,False,False,0,True,False,12,13,14,False,False,False,True,0,True,12,168,11,3,26,430,0,0,0,0,False,train,student-por.csv,22
22,MAT,GP,M,15,Urbana,>3,Juntos,4,4,salud,salud,otro,padre,1,1,False,True,False,True,True,True,False,5,4,2,1,1,5,0,False,True,0,True,False,12,15,15,False,False,False,True,0,True,4,59,4,0,13,169,2,2,0,0,False,train,student-mat.csv,23
22,POR,GP,M,15,Urbana,>3,Juntos,4,4,salud,salud,otro,padre,1,1,False,True,False,True,True,True,False,5,4,2,1,1,5,0,False,True,0,True,False,11,12,12,False,False,False,True,0,False,10,171,9,2,23,393,0,0,0,0,False,train,student-por.csv,23
23,MAT,GP,M,16,Urbana,<=3,Juntos,4,2,docente,otro,oferta,madre,1,2,False,False,True,True,True,True,False,4,5,1,1,3,5,0,False,False,2,True,False,15,15,16,False,False,False,True,0,True,27,518,23,6,65,1408,0,0,0,0,False,test,student-mat.csv,24
23,POR,GP,M,16,Urbana,<=3,Juntos,4,2,docente,otro,oferta,madre,1,2,False,False,True,True,True,True,False,4,5,1,1,3,5,0,False,False,0,True,False,12,13,14,False,False,False,True,0,True,12,159,10,2,42,801,0,0,0,0,False,test,student-por.csv,24
24,MAT,GP,M,16,Urbana,<=3,Juntos,2,2,otro,otro,reputacion,madre,2,2,False,True,True,True,True,True,False,5,4,4,2,4,5,0,False,False,0,True,False,13,13,12,False,False,False,True,0,True,20,398,15,1,44,937,0,0,0,0,False,train,student-mat.csv,25
24,POR,GP,M,16,Urbana,<=3,Juntos,2,2,otro,otro,reputacion,madre,2,2,False,True,True,True,True,True,False,5,4,4,2,4,5,0,False,False,2,True,False,10,10,10,False,False,False,True,0,False,19,262,18,6,63,1247,0,0,1,1,True,train,student-por.csv,25
25,MAT,GP,F,15,Rural,>3,Juntos,2,4,servicios,salud,oferta,madre,1,3,True,True,True,True,True,True,False,4,3,2,1,1,5,0,False,True,2,True,False,10,9,8,False,False,False,True,1,False,3,49,3,0,13,402,0,0,0,0,False,train,student-mat.csv,26
25,POR,GP,F,15,Rural,>3,Juntos,2,4,servicios,salud,oferta,madre,1,3,True,True,True,True,True,True,False,4,3,2,1,1,5,0,False,False,2,True,False,10,11,10,False,False,False,True,0,False,13,159,11,4,25,394,0,0,0,0,False,train,student-por.csv,26
26,MAT,GP,F,16,Urbana,>3,Juntos,2,2,servicios,servicios,cercania,madre,1,1,False,True,False,False,True,True,False,1,2,2,1,3,5,2,False,True,14,True,False,6,9,8,False,False,False,True,1,False,3,69,3,0,7,117,1,0,1,3,False,train,student-mat.csv,27
26,POR,GP,F,16,Urbana,>3,Juntos,2,2,servicios,servicios,cercania,madre,1,1,False,True,False,False,True,True,False,1,2,2,1,3,5,0,False,False,6,True,False,10,11,12,False,False,False,True,0,False,18,421,15,2,59,1232,0,0,0,0,False,train,student-por.csv,27
27,MAT,GP,M,15,Urbana,>3,Juntos,2,2,otro,otro,cercania,madre,1,1,False,True,False,True,True,True,False,4,2,2,1,2,5,0,False,True,2,True,False,12,12,11,False,False,False,True,0,False,19,432,14,6,53,1199,0,0,0,0,False,train,student-mat.csv,28
27,POR,GP,M,15,Urbana,>3,Juntos,2,2,otro,otro,cercania,madre,1,1,False,True,False,True,True,True,False,4,2,2,1,2,5,0,False,False,8,True,False,11,12,12,False,False,False,True,0,False,23,416,19,5,55,1090,0,0,1,1,True,train,student-por.csv,28
28,MAT,GP,M,15,Urbana,>3,Juntos,4,2,salud,servicios,otro,madre,1,1,False,False,False,True,True,True,False,2,2,4,2,4,1,0,False,True,4,True,False,15,16,15,False,False,False,True,0,True,4,88,4,0,14,297,0,0,0,0,False,train,student-mat.csv,29
28,POR,GP,M,15,Urbana,>3,Juntos,4,2,salud,servicios,otro,madre,1,1,False,False,False,True,True,True,False,2,2,4,2,4,1,0,False,False,0,True,False,11,11,11,False,False,False,True,0,False,8,195,8,1,16,347,0,0,0,0,False,train,student-por.csv,29
29,MAT,GP,M,16,Urbana,<=3,Separados,3,4,servicios,otro,cercania,madre,1,2,True,True,True,True,True,True,False,5,3,3,1,1,5,0,False,False,4,True,False,11,11,11,False,False,False,True,0,False,23,510,19,6,66,1895,3,0,0,0,False,train,student-mat.csv,30
29,POR,GP,M,16,Urbana,<=3,Separados,3,4,servicios,otro,cercania,madre,1,2,True,True,True,True,True,True,False,5,3,3,1,1,5,0,False,True,2,True,False,12,12,13,False,False,False,True,0,True,22,278,19,0,54,807,0,0,0,0,False,train,student-por.csv,30
30,MAT,GP,M,16,Urbana,>3,Juntos,4,4,docente,docente,cercania,madre,1,2,False,True,True,True,True,True,True,4,4,5,5,5,5,0,False,True,16,True,False,10,12,11,False,False,False,True,0,False,24,561,21,8,64,1564,0,0,0,0,False,test,student-mat.csv,31
30,POR,GP,M,16,Urbana,>3,Juntos,4,4,docente,docente,cercania,madre,1,2,False,True,True,True,True,True,True,4,4,5,5,5,5,0,False,True,4,True,False,12,11,12,False,False,False,True,0,False,17,206,15,4,44,637,0,0,0,0,False,test,student-por.csv,31
31,MAT,GP,M,15,Urbana,>3,Juntos,4,4,salud,servicios,cercania,madre,1,2,False,True,False,False,True,True,False,5,4,2,3,4,5,0,False,True,0,True,False,9,11,12,False,False,False,True,0,True,61,1495,40,14,152,3506,3,2,1,2,True,test,student-mat.csv,32
31,POR,GP,M,15,Urbana,>3,Juntos,4,4,salud,servicios,cercania,madre,1,2,False,True,False,False,True,True,False,5,4,2,3,4,5,0,False,True,0,True,False,10,11,11,False,False,False,True,0,False,50,1152,37,8,138,3293,0,0,0,0,False,test,student-por.csv,32
32,MAT,GP,M,15,Urbana,>3,Juntos,4,4,servicios,servicios,reputacion,madre,2,2,False,True,True,True,True,True,False,4,3,1,1,1,5,0,False,False,0,True,False,17,16,17,False,False,False,True,0,True,22,625,20,1,49,1055,0,0,0,0,False,train,student-mat.csv,33
32,POR,GP,M,15,Urbana,>3,Juntos,4,4,servicios,servicios,reputacion,madre,2,2,False,True,True,True,True,True,False,4,3,1,1,1,5,0,False,False,2,True,False,15,15,15,False,False,False,True,0,True,16,255,14,5,50,827,0,0,0,0,False,train,student-por.csv,33
33,MAT,GP,M,15,Rural,>3,Juntos,4,3,docente,hogar,oferta,madre,1,2,False,True,True,True,True,True,True,4,5,2,1,1,5,0,False,False,0,True,False,17,16,16,False,False,False,True,0,True,5,63,5,1,13,162,0,0,0,0,False,train,student-mat.csv,34
33,POR,GP,M,15,Rural,>3,Juntos,4,3,docente,hogar,oferta,madre,1,2,False,True,True,True,True,True,True,4,5,2,1,1,5,0,False,False,0,True,False,13,14,15,False,False,False,True,0,True,8,101,8,0,20,256,0,0,0,0,False,train,student-por.csv,34
34,MAT,GP,M,15,Urbana,<=3,Juntos,3,3,otro,otro,oferta,madre,1,2,False,False,True,False,True,True,False,5,3,2,1,1,2,0,False,False,0,True,False,8,10,12,False,False,False,True,0,True,9,192,8,2,42,775,0,0,1,2,True,train,student-mat.csv,35
34,POR,GP,M,15,Urbana,<=3,Juntos,3,3,otro,otro,oferta,madre,1,2,False,False,True,False,True,True,False,5,3,2,1,1,2,0,False,False,0,True,False,13,12,12,False,False,False,True,0,False,16,626,14,5,45,1286,1,1,0,0,False,train,student-por.csv,35
35,MAT,GP,M,16,Urbana,>3,Juntos,3,2,otro,otro,cercania,madre,1,1,False,True,False,False,True,True,False,5,4,3,1,1,5,0,False,True,0,True,False,12,14,15,False,False,False,True,0,True,12,150,11,2,17,232,0,0,0,0,False,train,student-mat.csv,36
35,POR,GP,M,16,Urbana,>3,Juntos,3,2,otro,otro,cercania,madre,1,1,False,True,False,False,True,True,False,5,4,3,1,1,5,0,False,False,4,True,False,12,12,12,False,False,False,True,0,False,3,47,3,0,12,153,2,1,0,0,False,train,student-por.csv,36
36,MAT,GP,F,15,Urbana,>3,Juntos,2,3,otro,otro,otro,padre,2,1,False,True,True,True,True,False,False,3,5,1,1,1,5,0,False,False,0,True,False,8,7,6,False,False,False,True,1,False,17,310,15,4,36,676,1,1,1,2,True,train,student-mat.csv,37
36,POR,GP,F,15,Urbana,>3,Juntos,2,3,otro,otro,otro,padre,2,1,False,True,True,True,True,False,False,3,5,1,1,1,5,0,False,False,4,True,False,11,11,11,False,False,False,True,0,False,23,445,20,3,72,1672,0,0,0,0,False,train,student-por.csv,37
37,MAT,GP,M,15,Urbana,<=3,Juntos,4,3,docente,servicios,cercania,madre,1,3,False,True,True,True,True,True,False,5,4,3,1,1,4,0,False,False,2,True,False,15,16,18,False,False,False,True,0,True,35,987,27,7,124,3087,0,0,0,0,False,train,student-mat.csv,38
37,POR,GP,M,15,Urbana,<=3,Juntos,4,3,docente,servicios,cercania,madre,1,3,False,True,True,True,True,True,False,5,4,3,1,1,4,0,False,False,0,True,False,14,14,14,False,False,False,True,0,True,34,1037,24,7,82,2047,1,1,0,0,False,train,student-por.csv,38
38,MAT,GP,M,16,Rural,>3,Separados,4,4,otro,docente,reputacion,madre,2,3,False,True,True,True,True,True,True,2,4,3,1,1,5,0,False,False,7,True,False,15,16,15,False,False,False,True,0,True,11,155,9,2,35,570,0,0,1,1,False,train,student-mat.csv,39
38,POR,GP,M,16,Rural,>3,Separados,4,4,otro,docente,reputacion,madre,2,3,False,True,True,True,True,True,True,2,4,3,1,1,5,0,False,False,4,True,False,13,13,13,False,False,False,True,0,True,4,109,4,0,14,270,0,0,0,0,False,train,student-por.csv,39
39,MAT,GP,F,15,Rural,>3,Juntos,3,4,servicios,salud,oferta,madre,1,3,True,True,True,True,True,True,False,4,3,2,1,1,5,0,False,True,2,True,False,12,12,11,False,False,False,True,0,False,8,340,8,2,26,640,0,0,0,0,False,test,student-mat.csv,40
39,POR,GP,F,15,Rural,>3,Juntos,3,4,servicios,salud,oferta,madre,1,3,True,True,True,True,True,True,False,4,3,2,1,1,5,0,False,False,2,True,False,11,12,12,False,False,False,True,0,False,14,180,14,4,30,401,0,0,0,0,False,test,student-por.csv,40
40,MAT,GP,F,15,Rural,>3,Juntos,2,2,hogar,otro,reputacion,madre,1,1,True,True,True,True,True,False,False,4,3,1,1,1,2,0,False,True,8,True,False,14,13,13,False,False,False,True,0,True,6,130,6,2,13,248,0,0,0,0,False,train,student-mat.csv,41
40,POR,GP,F,15,Rural,>3,Juntos,2,2,hogar,otro,reputacion,madre,1,1,True,True,True,True,True,False,False,4,3,1,1,1,2,0,False,False,8,True,False,14,13,12,False,False,False,True,0,False,31,867,25,4,80,1845,3,2,0,0,False,train,student-por.csv,41
41,MAT,GP,F,16,Urbana,<=3,Juntos,2,2,otro,otro,cercania,madre,2,2,False,True,True,False,True,True,True,3,3,3,1,2,3,1,False,False,25,True,False,7,10,11,False,False,False,True,0,False,39,908,27,5,112,2668,2,2,1,3,True,train,student-mat.csv,42
41,POR,GP,F,16,Urbana,<=3,Juntos,2,2,otro,otro,cercania,madre,2,2,False,True,True,False,True,True,True,3,3,3,1,2,3,0,False,False,16,True,False,11,11,10,False,False,False,True,0,False,47,1041,34,6,125,2741,0,0,0,0,False,train,student-por.csv,42
42,MAT,GP,M,15,Urbana,<=3,Juntos,4,4,docente,otro,cercania,otro,1,1,False,True,False,False,True,True,True,5,4,3,2,4,5,0,False,False,8,True,False,12,12,12,False,False,False,True,0,True,5,49,5,0,19,355,0,0,0,0,False,train,student-mat.csv,43
42,POR,GP,M,15,Urbana,<=3,Juntos,4,4,docente,otro,cercania,otro,1,1,False,True,False,False,True,True,True,5,4,3,2,4,5,0,False,False,8,True,False,10,11,11,False,False,False,True,0,False,32,647,28,8,68,1709,0,0,0,0,False,train,student-por.csv,43
43,MAT,GP,M,15,Urbana,>3,Juntos,4,4,servicios,docente,oferta,padre,1,2,False,True,True,True,True,True,False,4,3,3,1,1,5,0,False,False,2,True,False,19,18,18,False,False,False,True,0,True,15,264,14,3,41,703,0,0,0,0,False,train,student-mat.csv,44
43,POR,GP,M,15,Urbana,>3,Juntos,4,4,servicios,docente,oferta,padre,1,2,False,True,True,True,True,True,False,4,3,3,1,1,5,0,False,False,0,True,False,14,15,15,False,False,False,True,0,True,14,246,13,2,35,695,0,0,0,0,False,train,student-por.csv,44
44,MAT,GP,M,15,Urbana,>3,Juntos,2,2,servicios,servicios,oferta,padre,1,1,True,True,False,True,True,True,False,5,4,1,1,1,1,0,False,False,0,True,False,8,8,11,False,False,False,True,0,False,23,446,18,4,70,1287,2,2,1,2,False,train,student-mat.csv,45
44,POR,GP,M,15,Urbana,>3,Juntos,2,2,servicios,servicios,oferta,padre,1,1,True,True,False,True,True,True,False,5,4,1,1,1,1,0,False,False,0,True,False,9,10,10,False,False,False,True,0,False,15,271,14,2,46,1171,0,0,1,2,False,train,student-por.csv,45
45,MAT,GP,F,16,Urbana,<=3,Juntos,2,2,otro,hogar,oferta,padre,2,2,True,False,True,True,True,True,False,4,3,3,2,2,5,1,False,False,14,True,False,10,10,9,False,False,False,True,1,False,11,252,11,1,37,672,0,0,0,0,False,train,student-mat.csv,46
45,POR,GP,F,16,Urbana,<=3,Juntos,2,2,otro,hogar,oferta,padre,2,2,True,False,True,True,True,True,False,4,3,3,2,2,5,1,False,False,14,True,False,10,11,11,False,False,False,True,0,False,17,270,15,4,51,1040,2,2,0,0,False,train,student-por.csv,46
46,MAT,GP,F,15,Urbana,<=3,Separados,4,3,otro,otro,oferta,madre,1,2,True,True,True,True,True,True,True,5,2,2,1,1,5,0,False,True,8,True,False,8,8,6,False,False,False,True,1,False,12,166,11,3,45,708,0,0,1,2,True,test,student-mat.csv,47
46,POR,GP,F,15,Urbana,<=3,Separados,4,3,otro,otro,oferta,madre,1,2,True,True,True,True,True,True,True,5,2,2,1,1,5,0,False,True,4,True,False,10,11,11,False,False,False,True,0,False,9,137,9,3,16,213,0,0,0,0,False,test,student-por.csv,47
47,MAT,GP,F,16,Urbana,<=3,Separados,3,3,otro,servicios,cercania,madre,1,2,False,True,False,True,True,True,False,2,3,5,1,4,3,0,False,False,12,True,False,11,12,11,False,False,False,True,0,False,30,637,23,4,74,1510,0,0,0,0,False,train,student-mat.csv,48
47,POR,GP,F,16,Urbana,<=3,Separados,3,3,otro,servicios,cercania,madre,1,2,False,True,False,True,True,True,False,2,3,5,1,4,3,0,False,False,6,True,False,13,12,13,False,False,False,True,0,True,25,497,22,3,50,1094,0,0,0,0,False,train,student-por.csv,48
48,MAT,GP,M,16,Urbana,>3,Juntos,4,3,salud,servicios,reputacion,madre,1,4,False,False,True,True,True,True,False,4,2,2,1,1,2,0,False,False,4,True,False,19,19,20,False,False,False,True,0,True,16,481,13,3,38,829,0,0,1,1,True,train,student-mat.csv,49
48,POR,GP,M,16,Urbana,>3,Juntos,4,3,salud,servicios,reputacion,madre,1,4,False,False,True,True,True,True,False,4,2,2,1,1,2,0,False,False,2,True,False,17,17,17,False,False,False,True,0,True,86,1994,46,13,214,5825,0,0,0,0,False,train,student-por.csv,49
49,MAT,GP,M,15,Urbana,>3,Juntos,4,2,docente,otro,cercania,madre,1,2,False,True,False,True,True,False,False,4,3,3,2,2,5,0,False,True,2,True,False,15,15,14,False,False,False,True,0,True,46,1101,36,13,116,2583,0,0,0,0,False,train,student-mat.csv,50
49,POR,GP,M,15,Urbana,>3,Juntos,4,2,docente,otro,cercania,madre,1,2,False,True,False,True,True,False,False,4,3,3,2,2,5,0,False,False,4,True,False,11,12,13,False,False,False,True,0,True,22,818,20,5,67,1713,0,0,0,0,False,train,student-por.csv,50
50,MAT,GP,F,15,Urbana,>3,Juntos,4,4,servicios,docente,otro,padre,1,2,True,True,True,False,True,True,False,4,4,4,1,1,3,1,False,False,2,True,False,7,7,7,False,False,False,True,1,False,17,333,16,3,38,741,3,3,1,3,True,test,student-mat.csv,51
50,POR,GP,F,15,Urbana,>3,Juntos,4,4,servicios,docente,otro,padre,1,2,True,True,True,False,True,True,False,4,4,4,1,1,3,0,False,False,2,True,False,13,12,12,False,False,False,True,0,False,25,488,23,7,79,1562,0,0,0,0,False,test,student-por.csv,51
51,MAT,GP,F,16,Urbana,<=3,Juntos,2,2,servicios,servicios,oferta,madre,3,2,False,True,False,True,True,True,False,4,3,3,2,3,4,0,False,True,2,True,False,12,13,13,False,False,False,True,0,True,22,475,19,4,50,977,0,0,0,0,False,train,student-mat.csv,52
51,POR,GP,F,16,Urbana,<=3,Juntos,2,2,servicios,servicios,oferta,madre,3,2,False,True,False,True,True,True,False,4,3,3,2,3,4,0,False,False,0,True,False,14,13,13,False,False,False,True,0,True,21,476,17,5,52,1129,0,0,0,0,False,train,student-por.csv,52
52,MAT,GP,F,15,Urbana,<=3,Juntos,4,2,salud,otro,otro,madre,1,2,False,True,False,True,True,True,False,4,3,3,1,1,5,0,False,True,2,True,False,11,13,13,False,False,False,True,0,True,16,246,15,3,30,524,0,0,0,0,False,train,student-mat.csv,53
52,POR,GP,F,15,Urbana,<=3,Juntos,4,2,salud,otro,otro,madre,1,2,False,True,False,True,True,True,False,4,3,3,1,1,5,0,False,False,0,True,False,16,14,16,False,False,False,True,0,True,33,607,30,7,65,1418,0,0,0,0,False,train,student-por.csv,53
53,MAT,GP,M,15,Urbana,<=3,Separados,4,2,salud,salud,otro,padre,2,1,False,False,False,True,True,False,False,5,5,5,3,4,5,1,False,False,6,True,False,11,11,10,False,False,False,True,0,False,4,283,4,1,10,373,0,0,0,0,False,train,student-mat.csv,54
53,POR,GP,M,15,Urbana,<=3,Separados,4,2,salud,salud,otro,padre,2,1,False,False,False,True,True,False,False,5,5,5,3,4,5,0,False,False,4,True,False,10,9,9,False,False,False,True,1,False,3,25,3,2,10,124,0,0,0,0,False,train,student-por.csv,54
54,MAT,GP,F,15,Urbana,>3,Juntos,4,4,servicios,servicios,oferta,madre,1,1,True,True,False,True,True,True,False,3,3,4,2,3,5,0,False,True,0,True,False,8,10,11,False,False,False,True,0,False,11,147,10,1,23,322,0,0,1,2,True,train,student-mat.csv,55
54,POR,GP,F,15,Urbana,>3,Juntos,4,4,servicios,servicios,oferta,madre,1,1,True,True,False,True,True,True,False,3,3,4,2,3,5,0,False,False,0,True,False,13,12,12,False,False,False,True,0,False,6,89,5,1,24,344,0,0,0,0,False,train,student-por.csv,55
55,MAT,GP,F,15,Urbana,<=3,Separados,3,3,otro,otro,otro,madre,1,1,False,False,False,True,True,True,False,5,3,4,4,4,1,0,False,True,6,True,False,10,13,13,False,False,False,True,0,True,23,403,19,5,60,1205,0,0,0,0,False,train,student-mat.csv,56
55,POR,GP,F,15,Urbana,<=3,Separados,3,3,otro,otro,otro,madre,1,1,False,False,False,True,True,True,False,5,3,4,4,4,1,0,False,False,0,True,False,13,12,13,False,False,False,True,0,True,14,167,11,2,46,813,0,0,0,0,False,train,student-por.csv,56
56,MAT,GP,F,16,Urbana,>3,Separados,2,1,otro,otro,otro,madre,1,2,False,False,True,True,True,True,True,5,3,4,1,1,2,0,False,True,8,True,False,8,9,10,False,False,False,True,0,False,11,152,9,5,34,678,1,1,1,2,False,test,student-mat.csv,57
56,POR,GP,F,16,Urbana,>3,Separados,2,1,otro,otro,otro,madre,1,2,False,False,True,True,True,True,True,5,3,4,1,1,2,0,False,False,2,True,False,12,13,12,False,False,False,True,0,False,13,333,11,2,33,703,0,0,0,0,False,test,student-por.csv,57
57,MAT,GP,F,15,Urbana,>3,Separados,4,3,servicios,servicios,reputacion,madre,1,2,False,True,True,True,True,True,False,4,3,2,1,1,1,0,False,True,0,True,False,14,15,15,False,False,False,True,0,True,16,291,15,7,35,583,0,0,0,0,False,train,student-mat.csv,58
57,POR,GP,F,15,Urbana,>3,Separados,4,3,servicios,servicios,reputacion,madre,1,2,False,True,True,True,True,True,False,4,3,2,1,1,1,0,False,False,0,True,False,15,14,15,False,False,False,True,0,True,10,163,10,4,31,454,0,0,0,0,False,train,student-por.csv,58
58,MAT,GP,M,15,Urbana,>3,Juntos,4,4,docente,salud,reputacion,madre,1,2,False,True,True,True,True,False,False,3,2,2,1,1,5,0,False,False,4,True,False,14,15,15,False,False,False,True,0,True,6,120,6,1,32,761,0,0,0,0,False,train,student-mat.csv,59
58,POR,GP,M,15,Urbana,>3,Juntos,4,4,docente,salud,reputacion,madre,1,2,False,True,True,True,True,False,False,3,2,2,1,1,5,0,False,False,8,True,False,15,15,16,False,False,False,True,0,True,21,501,20,1,52,1141,0,0,0,0,False,train,student-por.csv,59
59,MAT,GP,M,15,Urbana,<=3,Juntos,1,2,otro,hogar,cercania,padre,1,2,True,True,True,True,True,True,False,4,3,2,1,1,5,0,False,False,2,True,False,9,10,9,False,False,False,True,1,False,5,107,5,1,20,327,3,1,1,2,True,train,student-mat.csv,60
59,POR,GP,M,15,Urbana,<=3,Juntos,1,2,otro,hogar,cercania,padre,1,2,True,True,True,True,True,True,False,4,3,2,1,1,5,0,False,False,0,True,False,14,13,14,False,False,False,True,0,True,5,156,5,2,16,325,0,0,0,0,False,train,student-por.csv,60
60,MAT,GP,F,16,Urbana,>3,Juntos,4,2,servicios,otro,oferta,madre,1,2,False,True,False,True,True,True,False,4,2,3,1,1,5,0,False,False,2,True,False,15,16,16,False,False,False,True,0,True,34,754,29,11,88,1971,0,0,0,0,False,train,student-mat.csv,61
60,POR,GP,F,16,Urbana,>3,Juntos,4,2,servicios,otro,oferta,madre,1,2,False,True,False,True,True,True,False,4,2,3,1,1,5,0,False,True,2,True,False,16,15,16,False,False,False,True,0,True,39,822,29,8,79,1594,0,0,0,0,False,train,student-por.csv,61
61,MAT,GP,F,16,Rural,>3,Juntos,4,4,salud,docente,otro,madre,1,2,False,True,True,True,True,False,False,2,4,4,2,3,4,0,False,False,6,True,False,10,11,11,False,False,False,True,0,False,1,14,1,0,5,81,0,0,0,0,False,test,student-mat.csv,62
61,POR,GP,F,16,Rural,>3,Juntos,4,4,salud,docente,otro,madre,1,2,False,True,True,True,True,False,False,2,4,4,2,3,4,0,False,False,0,True,False,17,16,16,False,False,False,True,0,True,4,45,4,0,11,166,0,0,0,0,False,test,student-por.csv,62
62,MAT,GP,F,16,Urbana,>3,Juntos,1,1,servicios,servicios,oferta,padre,4,1,True,True,True,False,True,True,True,5,5,5,5,5,5,0,False,False,6,True,False,10,8,11,False,False,False,True,0,False,12,465,10,1,36,977,0,0,0,0,False,train,student-mat.csv,63
62,POR,GP,F,16,Urbana,>3,Juntos,1,1,servicios,servicios,oferta,padre,4,1,True,True,True,False,True,True,True,5,5,5,5,5,5,0,False,False,0,True,False,10,10,16,False,False,False,True,0,True,16,320,14,4,56,1240,4,1,0,0,False,train,student-por.csv,63
63,MAT,GP,F,16,Urbana,<=3,Juntos,1,2,otro,servicios,reputacion,padre,1,2,True,False,True,True,True,True,False,4,4,3,1,1,1,0,False,False,4,True,False,8,10,9,False,False,False,True,1,False,23,424,23,5,67,1423,1,0,1,2,True,train,student-mat.csv,64
63,POR,GP,F,16,Urbana,<=3,Juntos,1,2,otro,servicios,reputacion,padre,1,2,True,False,True,True,True,True,False,4,4,3,1,1,1,0,False,False,0,True,False,13,13,10,False,False,False,True,0,False,14,519,12,2,39,1112,0,0,0,0,False,train,student-por.csv,64
64,MAT,GP,F,16,Urbana,>3,Juntos,4,3,docente,salud,cercania,madre,1,3,True,True,True,True,True,True,False,3,4,4,2,4,4,0,False,True,2,True,False,10,9,9,False,False,False,True,1,False,19,336,17,4,49,1028,0,0,0,0,False,train,student-mat.csv,65
64,POR,GP,F,16,Urbana,>3,Juntos,4,3,docente,salud,cercania,madre,1,3,True,True,True,True,True,True,False,3,4,4,2,4,4,0,False,False,0,True,False,14,13,13,False,False,False,True,0,True,21,570,17,5,51,1185,0,0,0,0,False,train,student-por.csv,65
65,MAT,GP,F,15,Urbana,<=3,Juntos,4,3,servicios,servicios,reputacion,padre,1,2,True,False,True,True,True,True,True,4,4,4,2,4,2,0,False,False,0,True,False,10,10,10,False,False,False,True,0,False,32,746,21,5,74,1800,0,0,0,0,False,test,student-mat.csv,66
65,POR,GP,F,15,Urbana,<=3,Juntos,4,3,servicios,servicios,reputacion,padre,1,2,True,False,True,True,True,True,True,4,4,4,2,4,2,0,False,False,0,True,False,13,12,12,False,False,False,True,0,False,22,453,18,5,59,1270,0,0,0,0,False,test,student-por.csv,66
66,MAT,GP,F,16,Urbana,<=3,Juntos,4,3,docente,servicios,oferta,madre,3,2,False,True,True,True,True,True,False,5,4,3,1,2,1,0,False,False,2,True,False,16,15,15,False,False,False,True,0,True,45,1183,29,17,124,3057,0,0,0,0,False,train,student-mat.csv,67
66,POR,GP,F,16,Urbana,<=3,Juntos,4,3,docente,servicios,oferta,madre,3,2,False,True,True,True,True,True,False,5,4,3,1,2,1,0,False,False,2,True,False,16,15,16,False,False,False,True,0,True,36,1075,28,8,100,2506,0,0,0,0,False,train,student-por.csv,67
67,MAT,GP,M,15,Urbana,>3,Separados,4,4,otro,servicios,reputacion,madre,1,4,False,True,True,False,True,True,True,1,3,3,5,5,3,0,False,False,4,True,False,13,13,12,False,False,False,True,0,True,16,262,15,6,60,1208,0,0,0,0,False,train,student-mat.csv,68
67,POR,GP,M,15,Urbana,>3,Separados,4,4,otro,servicios,reputacion,madre,1,4,False,True,True,False,True,True,True,1,3,3,5,5,3,0,False,False,0,True,False,11,12,12,False,False,False,True,0,False,18,294,17,3,44,1011,0,0,0,0,False,train,student-por.csv,68
68,MAT,GP,F,16,Urbana,>3,Juntos,3,1,servicios,otro,oferta,madre,1,4,True,True,False,True,True,True,False,4,3,3,1,2,5,0,False,True,4,True,False,7,7,6,False,False,False,True,1,False,16,266,13,4,48,971,0,0,1,3,True,train,student-mat.csv,69
68,POR,GP,F,16,Urbana,>3,Juntos,3,1,servicios,otro,oferta,madre,1,4,True,True,False,True,True,True,False,4,3,3,1,2,5,0,False,False,0,True,False,10,9,10,False,False,False,True,0,False,24,671,22,2,67,1923,0,0,0,0,False,train,student-por.csv,69
69,MAT,GP,F,15,Rural,<=3,Juntos,2,2,salud,servicios,reputacion,madre,2,2,True,True,False,True,True,True,False,4,1,3,1,3,4,0,False,True,2,True,False,8,9,8,False,False,False,True,1,False,25,496,21,6,61,1209,3,1,1,2,False,train,student-mat.csv,70
69,POR,GP,F,15,Rural,<=3,Juntos,2,2,salud,servicios,reputacion,madre,2,2,True,True,False,True,True,True,False,4,1,3,1,3,4,0,False,False,0,True,False,11,10,11,False,False,False,True,0,False,8,164,8,0,35,810,0,0,0,0,False,train,student-por.csv,70
70,MAT,GP,F,15,Rural,<=3,Juntos,3,1,otro,otro,reputacion,padre,2,4,False,True,False,False,True,True,False,4,4,2,2,3,3,0,False,False,12,True,False,16,16,16,False,False,False,True,0,True,25,587,20,6,63,1271,0,0,0,0,False,train,student-mat.csv,71
70,POR,GP,F,15,Rural,<=3,Juntos,3,1,otro,otro,reputacion,padre,2,4,False,True,False,False,True,True,False,4,4,2,2,3,3,0,False,False,6,True,False,15,15,15,False,False,False,True,0,True,14,311,12,4,48,903,0,0,0,0,False,train,student-por.csv,71
71,MAT,GP,M,16,Urbana,>3,Juntos,3,1,otro,otro,reputacion,padre,2,4,False,True,False,True,True,True,False,4,3,2,1,1,5,0,False,True,0,True,False,13,15,15,False,False,False,True,0,True,8,139,8,2,27,458,0,0,0,0,False,train,student-mat.csv,72
71,POR,GP,M,16,Urbana,>3,Juntos,3,1,otro,otro,reputacion,padre,2,4,False,True,False,True,True,True,False,4,3,2,1,1,5,0,False,False,2,True,False,13,11,11,False,False,False,True,0,False,20,424,15,4,58,1252,0,0,1,1,False,train,student-por.csv,72
72,MAT,GP,M,15,Urbana,>3,Juntos,4,2,otro,otro,oferta,madre,1,4,False,False,False,True,True,True,False,3,3,3,1,1,3,0,False,False,0,True,False,10,10,10,False,False,False,True,0,False,10,235,9,2,38,677,0,0,0,0,False,train,student-mat.csv,73
72,POR,GP,M,15,Urbana,>3,Juntos,4,2,otro,otro,oferta,madre,1,4,False,False,False,True,True,True,False,3,3,3,1,1,3,0,False,False,0,True,False,11,9,10,False,False,False,True,0,False,13,271,12,4,37,930,0,0,0,0,False,train,student-por.csv,73
73,MAT,GP,F,15,Rural,>3,Juntos,1,1,otro,otro,reputacion,madre,1,2,True,True,False,False,True,True,True,3,3,4,2,4,5,2,False,False,2,True,False,8,6,5,False,False,False,True,1,False,3,30,3,1,15,189,3,2,1,2,False,test,student-mat.csv,74
73,POR,GP,F,15,Rural,>3,Juntos,1,1,otro,otro,reputacion,madre,1,2,True,True,False,False,True,True,True,3,3,4,2,4,5,0,False,False,2,True,False,13,11,11,False,False,False,True,0,False,2,27,2,0,13,149,0,0,0,0,False,test,student-por.csv,74
74,MAT,GP,M,16,Urbana,>3,Juntos,3,1,otro,otro,reputacion,madre,1,1,False,False,True,True,True,False,False,5,3,2,2,2,5,0,False,False,2,True,False,12,12,14,False,False,False,True,0,True,6,106,6,1,23,591,2,2,0,0,False,test,student-mat.csv,75
74,POR,GP,M,16,Urbana,>3,Juntos,3,1,otro,otro,reputacion,madre,1,1,False,False,True,True,True,False,False,5,3,2,2,2,5,0,False,False,0,True,False,13,13,14,False,False,False,True,0,True,11,150,11,1,44,707,0,0,0,0,False,test,student-por.csv,75
75,MAT,GP,F,16,Urbana,>3,Juntos,3,3,otro,servicios,cercania,madre,1,2,True,True,True,True,True,True,False,4,3,3,2,4,5,0,False,True,54,True,True,11,12,11,False,False,False,True,0,False,7,104,6,0,26,628,0,0,0,0,False,train,student-mat.csv,76
75,POR,GP,F,16,Urbana,>3,Juntos,3,3,otro,servicios,cercania,madre,1,2,True,True,True,True,True,True,False,4,3,3,2,4,5,0,False,False,4,True,False,11,11,11,False,False,False,True,0,False,4,57,4,2,12,260,0,0,0,0,False,train,student-por.csv,76
76,MAT,GP,M,15,Urbana,>3,Juntos,4,3,docente,otro,cercania,madre,1,2,False,True,True,True,True,True,False,4,3,3,2,3,5,0,False,True,6,True,False,9,9,10,False,False,False,True,0,False,6,84,5,0,28,402,4,4,1,2,False,train,student-mat.csv,77
76,POR,GP,M,15,Urbana,>3,Juntos,4,3,docente,otro,cercania,madre,1,2,False,True,True,True,True,True,False,4,3,3,2,3,5,0,False,False,0,True,False,11,11,11,False,False,False,True,0,False,20,482,18,7,61,1475,0,0,0,0,False,train,student-por.csv,77
77,MAT,GP,M,15,Urbana,>3,Juntos,4,0,docente,otro,oferta,madre,2,4,False,False,True,True,True,True,False,3,4,3,1,1,1,0,False,False,8,True,False,11,11,10,False,False,False,True,0,False,21,385,17,3,58,1182,0,0,0,0,False,test,student-mat.csv,78
77,POR,GP,M,15,Urbana,>3,Juntos,4,0,docente,otro,oferta,madre,2,4,False,False,True,True,True,True,False,3,4,3,1,1,1,0,False,False,0,True,False,12,11,11,False,False,False,True,0,False,25,606,19,6,60,1395,0,0,0,0,False,test,student-por.csv,78
78,MAT,GP,F,16,Urbana,>3,Juntos,2,2,otro,otro,reputacion,madre,1,4,False,False,False,True,True,True,True,5,2,3,1,3,3,0,False,True,0,True,False,11,11,11,False,False,False,True,0,False,42,1010,34,12,131,2989,0,0,0,0,False,train,student-mat.csv,79
78,POR,GP,F,16,Urbana,>3,Juntos,2,2,otro,otro,reputacion,madre,1,4,False,False,False,True,True,True,True,5,2,3,1,3,3,0,False,False,1,True,False,13,13,13,False,False,False,True,0,True,10,132,9,2,22,288,0,0,0,0,False,train,student-por.csv,79
79,MAT,GP,M,17,Urbana,>3,Juntos,2,1,otro,otro,cercania,madre,2,1,True,True,True,True,False,True,False,4,5,1,1,1,3,3,True,False,2,True,False,8,8,10,False,False,False,True,0,False,8,123,8,2,15,226,0,0,1,2,False,train,student-mat.csv,80
79,POR,GP,M,17,Urbana,>3,Juntos,2,1,otro,otro,cercania,madre,2,1,True,True,True,True,False,True,False,4,5,1,1,1,3,3,True,False,0,True,False,9,9,10,False,False,False,True,0,False,6,100,6,0,17,306,0,0,1,2,False,train,student-por.csv,80
80,MAT,GP,F,16,Urbana,>3,Juntos,3,4,hogar,otro,oferta,madre,1,2,False,True,False,True,True,True,False,2,4,3,1,2,3,0,False,False,12,True,False,5,5,5,False,False,False,True,1,False,4,34,4,0,18,193,0,0,1,3,True,train,student-mat.csv,81
80,POR,GP,F,16,Urbana,>3,Juntos,3,4,hogar,otro,oferta,madre,1,2,False,True,False,True,True,True,False,2,4,3,1,2,3,0,False,False,14,True,False,12,11,11,False,False,False,True,0,False,8,102,8,0,30,427,0,0,0,0,False,train,student-por.csv,81
81,MAT,GP,M,15,Urbana,>3,Juntos,2,3,otro,servicios,oferta,padre,1,1,True,True,True,False,True,True,True,3,2,2,1,3,3,0,False,True,2,True,False,10,12,12,False,False,False,True,0,True,11,248,11,4,32,628,0,0,0,0,False,train,student-mat.csv,82
81,POR,GP,M,15,Urbana,>3,Juntos,2,3,otro,servicios,oferta,padre,1,1,True,True,True,False,True,True,True,3,2,2,1,3,3,0,False,False,0,True,False,11,11,12,False,False,False,True,0,False,8,129,8,2,21,322,0,0,0,0,False,train,student-por.csv,82
82,MAT,GP,M,15,Urbana,>3,Juntos,2,3,otro,otro,cercania,madre,1,3,True,False,False,False,True,True,False,5,3,2,1,2,5,0,False,True,4,True,False,11,10,11,False,False,False,True,0,False,13,250,13,3,27,480,0,0,0,0,False,train,student-mat.csv,83
82,POR,GP,M,15,Urbana,>3,Juntos,2,3,otro,otro,cercania,madre,1,3,True,False,False,False,True,True,False,5,3,2,1,2,5,0,False,False,2,True,False,10,9,9,False,False,False,True,1,False,32,873,27,6,82,1863,0,0,0,0,False,train,student-por.csv,83
83,MAT,GP,F,15,Urbana,<=3,Juntos,3,2,servicios,otro,reputacion,madre,1,2,False,True,False,True,True,True,False,4,4,4,1,1,5,0,False,True,10,True,False,7,6,6,False,False,False,True,1,False,28,662,24,3,81,1859,0,0,1,3,False,train,student-mat.csv,84
83,POR,GP,F,15,Urbana,<=3,Juntos,3,2,servicios,otro,reputacion,madre,1,2,False,True,False,True,True,True,False,4,4,4,1,1,5,0,False,False,4,True,False,12,11,11,False,False,False,True,0,False,2,50,2,2,16,296,0,0,0,0,False,train,student-por.csv,84
84,MAT,GP,M,15,Urbana,<=3,Juntos,2,2,servicios,servicios,cercania,madre,2,2,False,False,True,True,True,True,False,5,3,3,1,3,4,0,False,True,4,True,False,15,15,15,False,False,False,True,0,True,30,657,26,3,82,2017,0,0,0,0,False,train,student-mat.csv,85
84,POR,GP,M,15,Urbana,<=3,Juntos,2,2,servicios,servicios,cercania,madre,2,2,False,False,True,True,True,True,False,5,3,3,1,3,4,0,False,True,2,True,False,13,12,13,False,False,False,True,0,True,18,253,18,4,47,818,0,0,0,0,False,train,student-por.csv,85
85,MAT,GP,F,15,Urbana,>3,Juntos,1,1,otro,otro,cercania,padre,1,2,False,True,True,False,True,True,False,4,3,2,2,3,4,0,False,False,2,True,False,9,10,10,False,False,False,True,0,False,20,307,17,3,56,909,2,2,1,2,True,test,student-mat.csv,86
85,POR,GP,F,15,Urbana,>3,Juntos,1,1,otro,otro,cercania,padre,1,2,False,True,True,False,True,True,False,4,3,2,2,3,4,0,False,False,2,True,False,13,12,12,False,False,False,True,0,False,7,89,7,2,17,203,0,0,0,0,False,test,student-por.csv,86
86,MAT,GP,F,15,Urbana,>3,Juntos,4,4,servicios,servicios,reputacion,padre,2,2,False,False,False,True,True,True,True,4,4,4,2,3,5,2,False,True,6,True,False,7,9,8,False,False,False,True,1,False,11,188,11,2,25,434,3,2,1,3,False,train,student-mat.csv,87
86,POR,GP,F,15,Urbana,>3,Juntos,4,4,servicios,servicios,reputacion,padre,2,2,False,False,False,True,True,True,True,4,4,4,2,3,5,0,False,False,4,True,False,12,11,12,False,False,False,True,0,False,23,488,20,6,57,1221,0,0,0,0,False,train,student-por.csv,87
87,MAT,GP,F,16,Urbana,<=3,Juntos,2,2,hogar,otro,oferta,madre,1,2,False,True,False,True,True,False,False,4,3,4,1,2,2,0,False,False,4,True,False,8,7,6,False,False,False,True,1,False,38,770,30,6,92,2014,1,1,1,2,False,train,student-mat.csv,88
87,POR,GP,F,16,Urbana,<=3,Juntos,2,2,hogar,otro,oferta,madre,1,2,False,True,False,True,True,False,False,4,3,4,1,2,2,0,False,False,6,True,False,13,11,11,False,False,False,True,0,False,15,479,14,5,42,935,0,0,0,0,False,train,student-por.csv,88
88,MAT,GP,F,15,Urbana,>3,Juntos,4,2,otro,otro,reputacion,madre,1,3,False,True,True,True,True,True,False,5,3,3,1,3,1,0,False,False,4,True,False,13,14,14,False,False,False,True,0,True,17,235,14,8,39,780,0,0,0,0,False,test,student-mat.csv,89
88,POR,GP,F,15,Urbana,>3,Juntos,4,2,otro,otro,reputacion,madre,1,3,False,True,True,True,True,True,False,5,3,3,1,3,1,0,False,False,4,True,False,15,15,15,False,False,False,True,0,True,43,951,29,6,101,1940,0,0,0,0,False,test,student-por.csv,89
89,MAT,GP,M,16,Urbana,>3,Juntos,2,2,servicios,otro,reputacion,padre,2,2,False,False,True,False,True,True,False,4,4,2,1,1,3,1,False,True,12,True,False,11,10,10,False,False,False,True,0,False,13,199,12,2,30,579,0,0,0,0,False,train,student-mat.csv,90
89,POR,GP,M,16,Urbana,>3,Juntos,2,2,servicios,otro,reputacion,padre,2,2,False,False,True,False,True,True,False,4,4,2,1,1,3,0,False,False,6,True,False,12,10,11,False,False,False,True,0,False,13,315,12,4,43,970,0,0,0,0,False,train,student-por.csv,90
90,MAT,GP,M,16,Urbana,<=3,Separados,4,4,docente,salud,reputacion,madre,1,2,False,True,False,True,True,False,False,4,1,3,3,5,5,0,False,False,18,True,False,8,6,7,False,False,False,True,1,False,20,297,18,4,61,1092,0,0,0,0,False,train,student-mat.csv,91
90,POR,GP,M,16,Urbana,<=3,Separados,4,4,docente,salud,reputacion,madre,1,2,False,True,False,True,True,False,False,4,1,3,3,5,5,0,False,False,6,True,False,9,9,10,False,False,False,True,0,False,9,144,9,2,31,792,0,0,1,2,True,train,student-por.csv,91
91,MAT,GP,F,16,Urbana,>3,Juntos,3,3,otro,otro,cercania,madre,1,3,False,True,False,True,True,True,True,4,3,3,1,3,4,0,False,True,0,True,False,7,7,8,False,False,False,True,1,False,37,758,28,10,98,2154,0,0,1,3,True,test,student-mat.csv,92
91,POR,GP,F,16,Urbana,>3,Juntos,3,3,otro,otro,cercania,madre,1,3,False,True,False,True,True,True,True,4,3,3,1,3,4,0,False,False,2,True,False,9,11,11,False,False,False,True,0,False,31,728,24,6,66,1474,0,0,1,2,True,test,student-por.csv,92
92,MAT,GP,F,15,Urbana,>3,Juntos,4,3,servicios,otro,reputacion,madre,1,1,False,False,True,True,True,True,False,4,5,5,1,3,1,0,False,True,4,True,False,16,17,18,False,False,False,True,0,True,14,310,13,4,32,596,0,0,0,0,False,train,student-mat.csv,93
92,POR,GP,F,15,Urbana,>3,Juntos,4,3,servicios,otro,reputacion,madre,1,1,False,False,True,True,True,True,False,4,5,5,1,3,1,0,False,False,6,True,False,14,13,13,False,False,False,True,0,True,17,332,16,8,43,798,0,0,0,0,False,train,student-por.csv,93
93,MAT,GP,F,16,Urbana,<=3,Juntos,3,1,otro,otro,cercania,padre,1,2,True,True,False,True,True,False,False,3,3,3,2,3,2,0,False,False,4,True,False,7,6,6,False,False,False,True,1,False,2,14,2,0,8,293,1,1,1,3,False,train,student-mat.csv,94
93,POR,GP,F,16,Urbana,<=3,Juntos,3,1,otro,otro,cercania,padre,1,2,True,True,False,True,True,False,False,3,3,3,2,3,2,0,False,False,0,True,False,12,13,12,False,False,False,True,0,False,12,221,10,7,34,896,0,0,0,0,False,train,student-por.csv,94
94,MAT,GP,F,16,Urbana,>3,Juntos,4,2,docente,servicios,cercania,madre,2,2,False,True,True,True,True,True,False,5,3,3,1,1,1,0,False,True,0,True,False,11,10,10,False,False,False,True,0,False,11,157,10,2,26,457,0,0,0,0,False,train,student-mat.csv,95
94,POR,GP,F,16,Urbana,>3,Juntos,4,2,docente,servicios,cercania,madre,2,2,False,True,True,True,True,True,False,5,3,3,1,1,1,0,False,False,2,True,False,13,14,14,False,False,False,True,0,True,7,140,7,2,22,389,0,0,0,0,False,train,student-por.csv,95
95,MAT,GP,M,15,Urbana,<=3,Juntos,2,2,servicios,salud,reputacion,madre,1,4,False,True,True,True,True,True,False,4,3,4,1,1,4,0,False,False,6,True,False,11,13,14,False,False,False,True,0,True,15,228,14,3,31,432,0,0,0,0,False,train,student-mat.csv,96
95,POR,GP,M,15,Urbana,<=3,Juntos,2,2,servicios,salud,reputacion,madre,1,4,False,True,True,True,True,True,False,4,3,4,1,1,4,0,False,False,2,True,False,11,12,12,False,False,False,True,0,False,10,106,10,1,38,557,0,0,0,0,False,train,student-por.csv,96
96,MAT,GP,F,15,Rural,>3,Juntos,1,1,hogar,otro,cercania,madre,2,4,True,True,True,True,True,True,False,3,1,2,1,1,1,1,False,True,2,True,False,7,10,10,False,False,False,True,0,False,4,58,4,3,8,101,2,2,1,3,False,train,student-mat.csv,97
96,POR,GP,F,15,Rural,>3,Juntos,1,1,hogar,otro,cercania,madre,2,4,True,True,True,True,True,True,False,3,1,2,1,1,1,0,False,True,4,True,False,13,13,13,False,False,False,True,0,True,18,422,14,3,52,1054,0,0,0,0,False,train,student-por.csv,97
97,MAT,GP,M,16,Rural,>3,Juntos,4,3,servicios,otro,reputacion,madre,2,1,True,True,True,False,True,True,False,3,3,3,1,1,4,0,False,False,2,True,False,11,15,15,False,False,False,True,0,True,4,25,4,1,13,146,0,0,0,0,False,test,student-mat.csv,98
97,POR,GP,M,16,Rural,>3,Juntos,4,3,servicios,otro,reputacion,madre,2,1,True,True,True,False,True,True,False,3,3,3,1,1,4,0,False,True,6,True,False,9,11,11,False,False,False,True,0,False,6,79,6,0,11,145,0,0,1,2,False,test,student-por.csv,98
98,MAT,GP,F,16,Urbana,>3,Juntos,2,1,otro,otro,oferta,madre,1,2,False,True,False,True,True,False,True,4,3,5,1,1,5,0,False,True,2,True,False,8,9,10,False,False,False,True,0,False,4,60,4,2,12,151,0,0,1,2,False,train,student-mat.csv,99
98,POR,GP,F,16,Urbana,>3,Juntos,2,1,otro,otro,oferta,madre,1,2,False,True,False,True,True,False,True,4,3,5,1,1,5,0,False,False,0,True,False,13,12,12,False,False,False,True,0,False,7,57,7,2,15,171,0,0,0,0,False,train,student-por.csv,99
99,MAT,GP,F,16,Urbana,>3,Juntos,4,4,otro,otro,reputacion,madre,1,1,False,False,True,False,True,True,False,5,3,4,1,2,1,0,False,False,6,True,False,11,14,14,False,False,False,True,0,True,14,284,12,0,33,647,0,0,0,0,False,train,student-mat.csv,100
99,POR,GP,F,16,Urbana,>3,Juntos,4,4,otro,otro,reputacion,madre,1,1,False,False,True,False,True,True,False,5,3,4,1,2,1,0,False,False,4,True,False,12,13,13,False,False,False,True,0,True,8,123,7,3,25,363,0,0,0,0,False,train,student-por.csv,100
100,MAT,GP,F,16,Urbana,>3,Juntos,4,3,otro,hogar,oferta,madre,1,3,True,True,False,True,True,True,False,5,3,5,1,1,3,0,False,True,0,True,False,7,9,8,False,False,False,True,1,False,21,447,20,6,58,1361,2,1,1,3,True,train,student-mat.csv,101
100,POR,GP,F,16,Urbana,>3,Juntos,4,3,otro,hogar,oferta,madre,1,3,True,True,False,True,True,True,False,5,3,5,1,1,3,0,False,False,2,True,False,12,13,13,False,False,False,True,0,True,19,320,17,5,40,750,2,2,0,0,False,train,student-por.csv,101
101,MAT,GP,M,16,Urbana,>3,Juntos,4,4,servicios,servicios,otro,madre,1,1,True,True,True,True,True,True,False,4,5,5,5,5,4,0,False,True,14,True,False,7,7,5,False,False,False,True,1,False,5,54,5,1,17,173,0,0,1,3,True,train,student-mat.csv,102
101,POR,GP,M,16,Urbana,>3,Juntos,4,4,servicios,servicios,otro,madre,1,1,True,True,True,True,True,True,False,4,5,5,5,5,4,0,False,False,12,True,False,9,9,8,False,False,False,True,1,False,4,44,4,0,7,116,1,1,1,2,True,train,student-por.csv,102
102,MAT,GP,M,16,Urbana,>3,Juntos,4,4,servicios,docente,otro,padre,1,3,False,True,True,True,True,True,True,4,4,3,1,1,4,0,False,False,0,True,False,16,17,17,False,False,False,True,0,True,46,1142,34,8,123,2645,0,0,0,0,False,train,student-mat.csv,103
102,POR,GP,M,16,Urbana,>3,Juntos,4,4,servicios,docente,otro,padre,1,3,False,True,True,True,True,True,True,4,4,3,1,1,4,0,False,False,0,True,False,16,16,16,False,False,False,True,0,True,38,1122,26,10,105,2565,0,0,0,0,False,train,student-por.csv,103
103,MAT,GP,M,15,Urbana,>3,Juntos,4,4,servicios,otro,oferta,madre,1,1,False,True,True,False,True,True,False,5,3,3,1,1,5,0,False,False,4,True,False,10,13,14,False,False,False,True,0,True,12,372,12,2,30,569,0,0,0,0,False,train,student-mat.csv,104
103,POR,GP,M,15,Urbana,>3,Juntos,4,4,servicios,otro,oferta,madre,1,1,False,True,True,False,True,True,False,5,3,3,1,1,5,0,False,True,2,True,False,12,13,12,False,False,False,True,0,False,12,207,12,3,26,470,0,0,0,0,False,train,student-por.csv,104
104,MAT,GP,F,15,Urbana,>3,Juntos,3,2,servicios,otro,cercania,madre,2,2,True,True,False,True,True,True,False,4,3,5,1,1,2,0,False,True,26,True,False,7,6,6,False,False,False,True,1,False,25,438,21,5,63,1103,5,3,0,0,False,train,student-mat.csv,105
104,POR,GP,F,15,Urbana,>3,Juntos,3,2,servicios,otro,cercania,madre,2,2,True,True,False,True,True,True,False,4,3,5,1,1,2,0,False,False,16,True,False,11,10,10,False,False,False,True,0,False,27,630,23,6,100,2256,0,0,0,0,False,train,student-por.csv,105
105,MAT,GP,M,15,Urbana,>3,Separados,3,4,servicios,otro,oferta,madre,1,2,False,True,True,True,True,True,False,5,4,4,1,1,1,0,False,True,0,True,False,16,18,18,False,False,False,True,0,True,11,189,11,2,18,266,0,0,0,0,False,train,student-mat.csv,106
105,POR,GP,M,15,Urbana,>3,Separados,3,4,servicios,otro,oferta,madre,1,2,False,True,True,True,True,True,False,5,4,4,1,1,1,0,False,False,0,True,False,16,16,16,False,False,False,True,0,True,4,44,4,1,11,157,0,0,0,0,False,train,student-por.csv,106
106,MAT,GP,F,15,Urbana,>3,Separados,3,3,otro,salud,reputacion,padre,1,4,True,False,False,True,True,False,False,4,3,3,1,1,4,0,False,False,10,True,False,10,11,11,False,False,False,True,0,False,10,204,10,3,25,498,0,0,0,0,False,test,student-mat.csv,107
106,POR,GP,F,15,Urbana,>3,Separados,3,3,otro,salud,reputacion,padre,1,4,True,False,False,True,True,False,False,4,3,3,1,1,4,0,False,False,10,True,False,10,10,10,False,False,False,True,0,False,17,413,16,5,61,1227,0,0,0,0,False,test,student-por.csv,107
107,MAT,GP,F,15,Urbana,>3,Juntos,2,2,otro,otro,oferta,madre,1,4,True,True,False,True,True,True,False,5,1,2,1,1,3,0,False,True,8,True,False,7,8,8,False,False,False,True,1,False,35,867,24,6,95,1923,0,0,1,3,True,test,student-mat.csv,108
107,POR,GP,F,15,Urbana,>3,Juntos,2,2,otro,otro,oferta,madre,1,4,True,True,False,True,True,True,False,5,1,2,1,1,3,0,False,False,4,True,False,10,10,10,False,False,False,True,0,False,19,293,15,6,46,738,0,0,0,0,False,test,student-por.csv,108
108,MAT,GP,M,16,Urbana,>3,Juntos,3,3,servicios,otro,cercania,padre,1,3,False,True,True,True,True,True,False,5,3,3,1,1,5,0,False,False,2,True,False,16,18,18,False,False,False,True,0,True,4,58,4,0,14,171,0,0,0,0,False,train,student-mat.csv,109
108,POR,GP,M,16,Urbana,>3,Juntos,3,3,servicios,otro,cercania,padre,1,3,False,True,True,True,True,True,False,5,3,3,1,1,5,0,False,False,4,True,False,13,14,14,False,False,False,True,0,True,12,166,10,4,31,518,0,0,0,0,False,train,student-por.csv,109
109,MAT,GP,M,15,Rural,>3,Juntos,4,4,otro,otro,cercania,padre,4,4,False,True,True,True,True,True,True,1,3,5,3,5,1,0,False,True,6,True,False,10,13,13,False,False,False,True,0,True,32,669,26,7,78,1779,0,0,0,0,False,train,student-mat.csv,110
109,POR,GP,M,15,Rural,>3,Juntos,4,4,otro,otro,cercania,padre,4,4,False,True,True,True,True,True,True,1,3,5,3,5,1,0,False,False,8,True,False,12,10,11,False,False,False,True,0,False,30,701,26,8,89,1792,0,0,0,0,False,train,student-por.csv,110
110,MAT,GP,F,16,Urbana,<=3,Juntos,4,4,salud,salud,otro,madre,1,3,False,True,True,True,True,True,True,5,4,5,1,1,4,0,False,True,4,True,False,14,15,16,False,False,False,True,0,True,4,72,4,1,16,310,0,0,0,0,False,test,student-mat.csv,111
110,POR,GP,F,16,Urbana,<=3,Juntos,4,4,salud,salud,otro,madre,1,3,False,True,True,True,True,True,True,5,4,5,1,1,4,0,False,False,2,True,False,15,15,14,False,False,False,True,0,True,6,108,5,2,24,368,0,0,0,0,False,test,student-por.csv,111
111,MAT,GP,M,15,Urbana,<=3,Separados,4,4,docente,docente,oferta,madre,1,1,False,False,True,True,True,True,False,5,5,3,1,1,4,0,False,False,6,True,False,18,19,19,False,False,False,True,0,True,12,144,11,2,36,521,0,0,0,0,False,train,student-mat.csv,112
111,POR,GP,M,15,Urbana,<=3,Separados,4,4,docente,docente,oferta,madre,1,1,False,False,True,True,True,True,False,5,5,3,1,1,4,0,False,False,4,True,False,13,14,14,False,False,False,True,0,True,25,496,19,5,64,1438,0,0,0,0,False,train,student-por.csv,112
112,MAT,GP,F,16,Rural,>3,Juntos,3,3,servicios,otro,reputacion,padre,1,3,True,True,True,True,True,True,False,4,1,2,1,1,2,1,False,False,0,True,False,7,10,10,False,False,False,True,0,False,12,216,11,1,31,478,0,0,1,3,True,train,student-mat.csv,113
112,POR,GP,F,16,Rural,>3,Juntos,3,3,servicios,otro,reputacion,padre,1,3,True,True,True,True,True,True,False,4,1,2,1,1,2,0,False,False,4,True,False,11,11,11,False,False,False,True,0,False,11,163,11,5,29,694,1,1,0,0,False,train,student-por.csv,113
113,MAT,GP,F,16,Urbana,>3,Juntos,2,2,hogar,otro,cercania,madre,1,2,True,False,True,True,True,True,False,3,1,2,1,1,5,1,False,False,6,True,False,10,13,13,False,False,False,True,0,True,10,179,9,1,18,497,0,0,0,0,False,train,student-mat.csv,114
113,POR,GP,F,16,Urbana,>3,Juntos,2,2,hogar,otro,cercania,madre,1,2,True,False,True,True,True,True,False,3,1,2,1,1,5,1,False,False,12,True,False,8,10,10,False,False,False,True,0,False,5,73,5,1,8,140,1,1,1,2,True,train,student-por.csv,114
114,MAT,GP,M,15,Urbana,<=3,Juntos,4,2,docente,otro,oferta,madre,1,1,False,False,False,True,True,True,False,3,5,2,1,1,3,0,False,False,10,True,False,18,19,19,False,False,False,True,0,True,9,176,8,3,16,287,0,0,0,0,False,train,student-mat.csv,115
114,POR,GP,M,15,Urbana,<=3,Juntos,4,2,docente,otro,oferta,madre,1,1,False,False,False,True,True,True,False,3,5,2,1,1,3,0,False,False,10,True,False,18,17,18,False,False,False,True,0,True,6,102,6,1,15,234,0,0,0,0,False,train,student-por.csv,115
115,MAT,GP,M,15,Rural,>3,Juntos,2,1,salud,servicios,reputacion,madre,1,2,False,False,True,True,True,True,True,5,4,2,1,1,5,0,False,False,8,True,False,9,9,9,False,False,False,True,1,False,11,233,11,1,37,1025,1,1,0,0,False,train,student-mat.csv,116
115,POR,GP,M,15,Rural,>3,Juntos,2,1,salud,servicios,reputacion,madre,1,2,False,False,True,True,True,True,True,5,4,2,1,1,5,0,False,False,4,True,False,10,9,10,False,False,False,True,0,False,40,1028,30,17,95,2592,0,0,0,0,False,train,student-por.csv,116
116,MAT,GP,M,16,Urbana,>3,Juntos,4,4,docente,docente,oferta,padre,1,2,False,True,True,True,True,True,False,5,4,4,1,2,5,0,False,False,2,True,False,15,15,16,False,False,False,True,0,True,12,179,11,2,27,394,0,0,0,0,False,train,student-mat.csv,117
116,POR,GP,M,16,Urbana,>3,Juntos,4,4,docente,docente,oferta,padre,1,2,False,True,True,True,True,True,False,5,4,4,1,2,5,0,False,False,6,True,False,16,14,14,False,False,False,True,0,True,35,800,28,8,83,1846,0,0,0,0,False,train,student-por.csv,117
117,MAT,GP,M,15,Urbana,>3,Juntos,4,4,otro,docente,reputacion,padre,2,2,False,True,True,True,True,False,False,4,4,3,1,1,2,0,False,False,2,True,False,11,13,14,False,False,False,True,0,True,11,157,9,1,21,278,0,0,0,0,False,train,student-mat.csv,118
117,POR,GP,M,15,Urbana,>3,Juntos,4,4,otro,docente,reputacion,padre,2,2,False,True,True,True,True,False,False,4,4,3,1,1,2,0,False,False,4,True,False,16,15,16,False,False,False,True,0,True,5,73,5,1,21,330,0,0,0,0,False,train,student-por.csv,118
118,MAT,GP,M,16,Urbana,>3,Juntos,3,3,otro,servicios,cercania,padre,2,1,False,False,True,True,True,True,False,5,4,2,1,1,5,0,False,False,0,True,False,13,14,13,False,False,False,True,0,True,14,208,13,3,38,531,0,0,0,0,False,test,student-mat.csv,119
118,POR,GP,M,16,Urbana,>3,Juntos,3,3,otro,servicios,cercania,padre,2,1,False,False,True,True,True,True,False,5,4,2,1,1,5,0,False,False,6,True,False,14,14,15,False,False,False,True,0,True,7,107,7,0,15,213,0,0,0,0,False,test,student-por.csv,119
119,MAT,GP,M,17,Rural,>3,Juntos,1,3,otro,otro,oferta,padre,3,2,False,True,True,True,True,True,False,5,2,4,1,4,5,1,False,False,20,True,False,9,7,8,False,False,False,True,1,False,19,382,17,2,49,978,0,0,1,2,True,test,student-mat.csv,120
119,POR,GP,M,17,Rural,>3,Juntos,1,3,otro,otro,oferta,padre,3,2,False,True,True,True,True,True,False,5,2,4,1,4,5,1,False,False,14,True,False,12,11,11,False,False,False,True,0,False,36,937,28,7,74,1788,0,0,0,0,False,test,student-por.csv,120
120,MAT,GP,M,15,Urbana,>3,Juntos,3,4,otro,otro,reputacion,padre,1,1,False,False,False,True,True,True,False,3,4,3,1,2,4,0,False,False,6,True,False,14,13,13,False,False,False,True,0,True,10,473,10,1,30,1027,2,1,0,0,False,train,student-mat.csv,121
120,POR,GP,M,15,Urbana,>3,Juntos,3,4,otro,otro,reputacion,padre,1,1,False,False,False,True,True,True,False,3,4,3,1,2,4,0,False,False,2,True,False,14,13,14,False,False,False,True,0,True,7,136,7,1,23,352,0,0,0,0,False,train,student-por.csv,121
121,MAT,GP,F,15,Urbana,>3,Juntos,1,2,hogar,servicios,oferta,madre,1,2,False,False,False,False,True,True,False,3,2,3,1,2,1,0,False,False,2,True,False,16,15,15,False,False,False,True,0,True,12,216,12,4,43,756,0,0,0,0,False,train,student-mat.csv,122
121,POR,GP,F,15,Urbana,>3,Juntos,1,2,hogar,servicios,oferta,madre,1,2,False,False,False,False,True,True,False,3,2,3,1,2,1,0,False,False,0,True,False,14,14,14,False,False,False,True,0,True,15,234,14,6,46,694,0,0,0,0,False,train,student-por.csv,122
122,MAT,GP,M,15,Urbana,>3,Juntos,2,2,servicios,servicios,cercania,padre,1,4,False,True,True,True,True,True,False,5,5,4,1,2,5,0,False,True,6,True,False,16,14,15,False,False,False,True,0,True,60,1410,38,17,148,3671,0,0,0,0,False,train,student-mat.csv,123
122,POR,GP,M,15,Urbana,>3,Juntos,2,2,servicios,servicios,cercania,padre,1,4,False,True,True,True,True,True,False,5,5,4,1,2,5,0,False,False,6,True,False,14,13,13,False,False,False,True,0,True,36,783,29,12,90,2058,0,0,0,0,False,train,student-por.csv,123
123,MAT,GP,F,16,Urbana,<=3,Juntos,2,4,otro,salud,oferta,padre,2,2,False,True,True,True,True,True,True,4,2,2,1,2,5,0,False,True,2,True,False,13,13,13,False,False,False,True,0,True,28,693,24,12,102,2422,0,0,0,0,False,train,student-mat.csv,124
123,POR,GP,F,16,Urbana,<=3,Juntos,2,4,otro,salud,oferta,padre,2,2,False,True,True,True,True,True,True,4,2,2,1,2,5,0,False,False,2,True,False,14,12,13,False,False,False,True,0,True,11,130,10,2,22,350,0,0,0,0,False,train,student-por.csv,124
124,MAT,GP,M,16,Urbana,>3,Juntos,4,4,salud,otro,oferta,madre,1,1,False,True,True,True,True,True,False,3,4,4,1,4,5,0,False,False,18,True,False,14,11,13,False,False,False,True,0,True,25,315,20,6,68,1187,0,0,0,0,False,train,student-mat.csv,125
124,POR,GP,M,16,Urbana,>3,Juntos,4,4,salud,otro,oferta,madre,1,1,False,True,True,True,True,True,False,3,4,4,1,4,5,0,False,False,4,True,False,12,13,13,False,False,False,True,0,True,14,244,12,1,39,680,0,0,0,0,False,train,student-por.csv,125
125,MAT,GP,F,16,Urbana,>3,Juntos,2,2,otro,otro,cercania,madre,1,2,False,False,False,True,True,True,True,5,4,4,1,1,5,0,False,True,0,True,False,8,7,8,False,False,False,True,1,False,20,461,14,5,53,1147,0,0,1,2,True,train,student-mat.csv,126
125,POR,GP,F,16,Urbana,>3,Juntos,2,2,otro,otro,cercania,madre,1,2,False,False,False,True,True,True,True,5,4,4,1,1,5,0,False,False,0,True,False,12,11,11,False,False,False,True,0,False,25,613,20,4,44,920,3,2,0,0,False,train,student-por.csv,126
126,MAT,GP,M,15,Urbana,>3,Juntos,3,4,servicios,servicios,cercania,padre,1,1,True,False,False,True,True,True,False,5,5,5,3,2,5,0,False,False,0,True,False,13,13,12,False,False,False,True,0,True,8,129,7,5,27,523,0,0,0,0,False,train,student-mat.csv,127
126,POR,GP,M,15,Urbana,>3,Juntos,3,4,servicios,servicios,cercania,padre,1,1,True,False,False,True,True,True,False,5,5,5,3,2,5,0,False,False,2,True,False,9,9,9,False,False,False,True,1,False,38,1082,25,11,93,2250,3,2,1,2,False,train,student-por.csv,127
127,MAT,GP,F,15,Urbana,<=3,Separados,3,4,otro,otro,cercania,madre,1,2,True,False,True,True,True,True,True,5,3,2,1,1,1,0,False,False,0,True,False,7,10,11,False,False,False,True,0,False,34,710,25,12,81,1740,2,2,1,3,True,test,student-mat.csv,128
127,POR,GP,F,15,Urbana,<=3,Separados,3,4,otro,otro,cercania,madre,1,2,True,False,True,True,True,True,True,5,3,2,1,1,1,0,False,False,0,True,False,10,11,11,False,False,False,True,0,False,37,830,27,6,116,2438,0,0,0,0,False,test,student-por.csv,128
128,MAT,GP,F,19,Urbana,>3,Juntos,0,1,hogar,otro,oferta,otro,1,2,False,True,False,False,False,False,False,3,4,2,1,1,5,3,True,False,2,True,False,7,8,9,False,False,False,True,1,False,0,0,0,0,0,0,2,2,1,3,False,train,student-mat.csv,129
128,POR,GP,F,19,Urbana,>3,Juntos,0,1,hogar,otro,oferta,otro,1,2,False,True,False,False,False,False,False,3,4,2,1,1,5,2,False,False,0,True,False,9,10,11,False,False,False,True,0,False,3,28,3,0,4,34,0,0,1,2,True,train,student-por.csv,129
129,MAT,GP,M,16,Rural,>3,Juntos,4,4,docente,docente,oferta,madre,1,1,False,False,True,True,True,True,False,3,5,5,2,5,4,0,False,True,8,True,False,18,18,18,False,False,False,True,0,True,6,78,6,0,18,282,0,0,0,0,False,train,student-mat.csv,131
129,POR,GP,M,16,Rural,>3,Juntos,4,4,docente,docente,oferta,madre,1,1,False,False,True,True,True,True,False,3,5,5,2,5,4,0,False,False,8,True,False,14,14,15,False,False,False,True,0,True,9,148,8,3,21,818,0,0,0,0,False,train,student-por.csv,130
130,POR,GP,M,16,Urbana,>3,Juntos,2,3,otro,otro,oferta,madre,2,3,False,True,False,False,True,True,True,3,2,3,2,2,1,0,False,False,4,True,False,13,12,13,False,False,False,False,0,True,32,722,29,8,68,1512,0,0,0,0,False,train,student-por.csv,131
131,MAT,GP,F,15,Rural,>3,Juntos,3,4,servicios,docente,oferta,padre,2,3,False,True,False,True,True,True,True,4,2,2,2,2,5,2,False,False,0,False,False,12,0,0,False,True,True,True,1,,21,318,21,7,52,1110,0,0,1,2,False,train,student-mat.csv,132
131,POR,GP,F,15,Rural,>3,Juntos,3,4,servicios,docente,oferta,padre,2,3,False,True,False,True,True,True,True,4,2,2,2,2,5,0,False,False,0,True,False,10,11,12,False,False,False,True,0,False,20,396,19,5,56,1208,0,0,0,0,False,train,student-por.csv,132
132,POR,GP,F,18,Urbana,>3,Juntos,2,1,servicios,otro,reputacion,madre,1,2,False,True,True,True,False,True,True,5,4,5,1,3,5,3,True,False,10,True,False,10,9,8,False,False,False,False,1,False,3,38,2,0,6,75,0,0,0,0,False,train,student-por.csv,133
133,POR,GP,F,17,Urbana,<=3,Separados,2,1,otro,otro,oferta,madre,3,1,False,True,False,True,True,True,False,3,2,2,1,2,5,0,False,False,8,True,False,11,10,11,False,False,False,False,0,False,10,200,10,4,21,622,0,0,0,0,False,train,student-por.csv,134
134,MAT,GP,F,15,Urbana,>3,Juntos,1,1,hogar,otro,oferta,madre,3,1,False,True,True,False,True,True,True,4,3,3,1,2,4,0,False,False,0,False,False,8,0,0,False,True,True,True,1,,8,110,6,4,22,335,0,0,0,0,False,train,student-mat.csv,133
134,POR,GP,F,15,Urbana,>3,Juntos,1,1,hogar,otro,oferta,madre,3,1,False,True,True,False,True,True,True,4,3,3,1,2,4,0,False,False,6,True,False,11,12,13,False,False,False,True,0,True,13,200,12,3,39,704,0,0,0,0,False,train,student-por.csv,135
135,MAT,GP,F,17,Urbana,<=3,Juntos,2,2,otro,otro,oferta,padre,1,1,False,True,False,True,True,True,True,3,4,4,1,3,5,0,False,False,12,True,False,10,13,12,False,False,False,True,0,True,6,94,6,1,33,552,0,0,0,0,False,train,student-mat.csv,134
135,POR,GP,F,17,Urbana,<=3,Juntos,2,2,otro,otro,oferta,padre,1,1,False,True,False,True,True,True,True,3,4,4,1,3,5,0,False,False,2,True,False,13,12,12,False,False,False,True,0,False,3,89,3,1,16,293,0,0,0,0,False,train,student-por.csv,136
136,MAT,GP,F,16,Urbana,>3,Separados,3,4,servicios,otro,oferta,padre,1,1,False,False,False,True,True,True,False,3,2,1,1,4,5,0,False,False,16,True,False,12,11,11,False,False,False,True,0,False,9,186,9,1,28,450,0,0,0,0,False,test,student-mat.csv,135
136,POR,GP,F,16,Urbana,>3,Separados,3,4,servicios,otro,oferta,padre,1,1,False,False,False,True,True,True,False,3,2,1,1,4,5,0,False,False,12,True,False,15,13,14,False,False,False,True,0,True,7,137,7,5,13,225,0,0,0,0,False,test,student-por.csv,137
137,POR,GP,M,16,Urbana,>3,Juntos,2,1,hogar,otro,oferta,madre,4,1,False,False,False,True,True,False,False,3,2,1,1,1,2,0,False,False,4,True,False,9,9,11,False,False,False,False,0,False,14,353,13,6,34,722,5,3,1,2,True,train,student-por.csv,138
138,POR,GP,F,16,Urbana,>3,Separados,2,2,otro,otro,cercania,madre,1,1,False,False,False,True,True,False,False,5,3,4,1,1,5,1,False,False,12,True,False,13,11,11,False,False,False,False,0,False,9,169,9,1,31,467,0,0,0,0,False,train,student-por.csv,139
139,MAT,GP,M,15,Rural,>3,Juntos,3,4,hogar,docente,oferta,madre,4,2,False,True,False,True,True,False,True,5,3,3,1,1,5,0,False,False,0,False,False,9,0,0,False,True,True,True,1,,30,704,23,7,63,1389,1,0,1,2,True,train,student-mat.csv,136
139,POR,GP,M,15,Rural,>3,Juntos,3,4,hogar,docente,oferta,madre,4,2,False,True,False,True,True,False,True,5,3,3,1,1,5,0,False,False,2,True,False,12,11,11,False,False,False,True,0,False,35,801,27,7,96,2288,0,0,0,0,False,train,student-por.csv,140
140,MAT,GP,F,15,Urbana,>3,Juntos,4,4,servicios,hogar,oferta,madre,1,3,False,True,True,True,True,True,True,4,3,3,1,1,5,0,False,False,0,False,False,11,0,0,False,True,True,True,1,,20,579,18,4,54,1174,0,0,0,0,False,test,student-mat.csv,137
140,POR,GP,F,15,Urbana,>3,Juntos,4,4,servicios,hogar,oferta,madre,1,3,False,True,True,True,True,True,True,4,3,3,1,1,5,0,False,False,4,True,False,13,14,15,False,False,False,True,0,True,110,3683,54,24,296,9086,0,0,0,0,False,test,student-por.csv,141
141,MAT,GP,M,17,Rural,>3,Juntos,3,4,hogar,otro,oferta,madre,3,2,False,False,False,True,True,False,False,5,4,5,2,4,5,0,False,False,0,False,False,10,0,0,False,True,True,True,1,,1,23,1,0,5,60,0,0,0,0,False,train,student-mat.csv,138
141,POR,GP,M,17,Rural,>3,Juntos,3,4,hogar,otro,oferta,madre,3,2,False,False,False,True,True,False,False,5,4,5,2,4,5,0,False,False,2,True,False,10,9,10,False,False,False,True,0,False,7,98,7,0,13,212,0,0,0,0,False,train,student-por.csv,142
142,POR,GP,F,16,Rural,>3,Juntos,1,1,hogar,otro,oferta,madre,4,2,False,True,False,True,True,False,False,5,1,3,1,1,3,0,False,False,0,True,False,14,13,13,False,False,False,False,0,True,10,150,9,2,28,474,0,0,0,0,False,train,student-por.csv,143
143,POR,GP,M,18,Urbana,<=3,Juntos,3,1,servicios,servicios,oferta,madre,2,1,False,False,True,True,True,True,True,3,3,4,4,5,4,0,False,False,2,True,False,11,11,12,False,False,False,False,0,False,7,108,7,1,13,202,0,0,0,0,False,train,student-por.csv,144
144,POR,GP,F,18,Urbana,>3,Separados,3,2,otro,servicios,oferta,otro,1,3,False,True,True,False,True,True,True,4,3,3,5,1,5,0,False,False,10,True,False,12,11,11,False,False,False,False,0,False,13,300,11,3,35,781,0,0,0,0,False,test,student-por.csv,145
145,POR,GP,F,16,Rural,>3,Juntos,1,1,otro,servicios,reputacion,madre,2,1,False,True,True,True,True,False,True,3,3,3,1,2,1,0,False,False,8,True,False,12,11,11,False,False,False,False,0,False,3,29,3,0,7,96,0,0,0,0,False,train,student-por.csv,146
146,MAT,GP,F,16,Urbana,>3,Separados,3,3,otro,otro,oferta,otro,2,1,False,True,True,False,True,True,True,4,3,2,1,1,5,2,False,False,0,False,False,4,0,0,False,True,True,True,1,,6,85,6,2,18,228,3,1,1,3,False,train,student-mat.csv,139
146,POR,GP,F,16,Urbana,>3,Separados,3,3,otro,otro,oferta,otro,2,1,False,True,True,False,True,True,True,4,3,2,1,1,5,0,False,False,4,True,False,9,9,10,False,False,False,True,0,False,8,141,7,1,19,318,2,1,1,2,True,train,student-por.csv,147
147,MAT,GP,M,16,Urbana,<=3,Juntos,1,1,servicios,otro,oferta,madre,1,2,False,False,False,True,True,False,True,4,4,4,1,3,5,1,False,False,0,True,False,14,12,12,False,False,False,True,0,True,14,361,12,3,43,931,0,0,0,0,False,train,student-mat.csv,140
147,POR,GP,M,16,Urbana,<=3,Juntos,1,1,servicios,otro,oferta,madre,1,2,False,False,False,True,True,False,True,4,4,4,1,3,5,2,False,False,0,True,False,10,10,10,False,False,False,True,0,False,3,36,3,1,8,71,0,0,0,0,False,train,student-por.csv,148
148,MAT,GP,F,15,Urbana,>3,Juntos,4,4,docente,docente,oferta,madre,2,1,False,False,True,True,True,True,False,4,3,2,1,1,5,0,False,False,0,True,False,16,16,15,False,False,False,True,0,True,10,133,10,3,32,728,0,0,0,0,False,train,student-mat.csv,141
148,POR,GP,F,15,Urbana,>3,Juntos,4,4,docente,docente,oferta,madre,2,1,False,False,True,True,True,True,False,4,3,2,1,1,5,0,False,False,6,True,False,13,14,14,False,False,False,True,0,True,25,553,22,6,63,1349,0,0,0,0,False,train,student-por.csv,149
149,POR,GP,F,15,Rural,>3,Juntos,1,1,otro,otro,oferta,madre,3,1,False,False,True,True,True,True,True,5,5,5,1,1,1,1,False,False,2,True,False,8,9,9,False,False,False,False,1,False,17,236,16,4,43,755,3,2,1,2,True,test,student-por.csv,150
150,MAT,GP,M,15,Urbana,>3,Juntos,4,3,docente,servicios,oferta,padre,2,4,True,True,False,True,True,True,False,2,2,2,1,1,3,0,False,False,0,False,False,7,9,0,False,False,True,True,1,,21,341,21,6,56,1158,1,1,1,3,True,train,student-mat.csv,142
150,POR,GP,M,15,Urbana,>3,Juntos,4,3,docente,servicios,oferta,padre,2,4,True,True,False,True,True,True,False,2,2,2,1,1,3,0,False,False,6,True,False,9,11,11,False,False,False,True,0,False,29,534,24,12,78,1499,3,1,0,0,False,train,student-por.csv,151
151,POR,GP,F,15,Urbana,>3,Separados,3,3,servicios,servicios,cercania,madre,1,2,False,False,False,False,True,False,True,1,3,2,2,3,1,0,False,False,24,True,False,9,8,9,False,False,False,False,1,False,3,37,3,1,27,427,0,0,1,2,True,train,student-por.csv,152
152,POR,GP,M,16,Urbana,>3,Juntos,4,4,servicios,servicios,oferta,madre,1,3,False,True,True,True,True,True,False,5,3,3,1,3,5,0,False,False,0,True,False,15,13,13,False,False,False,False,0,True,4,57,4,1,11,174,0,0,0,0,False,train,student-por.csv,153
153,MAT,GP,M,16,Urbana,<=3,Juntos,2,2,servicios,servicios,reputacion,padre,2,1,False,True,True,True,True,True,False,2,3,3,2,2,2,2,False,False,8,True,False,9,9,9,False,False,False,True,1,False,0,0,0,0,4,70,1,0,1,2,False,train,student-mat.csv,143
153,POR,GP,M,16,Urbana,<=3,Juntos,2,2,servicios,servicios,reputacion,padre,2,1,False,True,True,True,True,True,False,2,3,3,2,2,2,0,False,False,4,True,False,12,11,11,False,False,False,True,0,False,3,43,3,1,9,166,0,0,0,0,False,train,student-por.csv,154
154,MAT,GP,F,15,Urbana,>3,Juntos,4,4,docente,servicios,oferta,madre,1,3,False,True,True,True,True,True,False,4,2,2,1,1,5,0,False,True,2,True,False,9,11,11,False,False,False,True,0,False,19,375,15,4,62,1309,0,0,1,2,True,train,student-mat.csv,144
154,POR,GP,F,15,Urbana,>3,Juntos,4,4,docente,servicios,oferta,madre,1,3,False,True,True,True,True,True,False,4,2,2,1,1,5,0,False,False,2,True,False,13,13,13,False,False,False,True,0,True,15,225,14,4,47,924,0,0,0,0,False,train,student-por.csv,155
155,MAT,GP,F,16,Urbana,<=3,Juntos,1,1,hogar,hogar,oferta,madre,1,1,False,False,False,True,True,True,False,3,4,4,3,3,1,0,False,False,2,True,False,14,14,13,False,False,False,True,0,True,5,79,4,1,19,243,0,0,0,0,False,train,student-mat.csv,145
155,POR,GP,F,16,Urbana,<=3,Juntos,1,1,hogar,hogar,oferta,madre,1,1,False,False,False,True,True,True,False,3,4,4,3,3,1,0,False,False,4,True,False,10,11,11,False,False,False,True,0,False,13,221,13,3,23,399,0,0,0,0,False,train,student-por.csv,156
156,MAT,GP,M,17,Urbana,>3,Juntos,2,1,otro,otro,cercania,madre,1,1,False,True,False,True,True,True,False,5,4,5,1,2,5,3,True,False,0,False,False,5,0,0,False,True,True,True,1,,14,189,12,4,41,725,0,0,1,3,False,train,student-mat.csv,146
156,POR,GP,M,17,Urbana,>3,Juntos,2,1,otro,otro,cercania,madre,1,1,False,True,False,True,True,True,False,5,4,5,1,2,5,0,False,False,22,True,False,9,7,6,False,False,False,True,1,False,31,589,26,8,85,1788,0,0,1,2,True,train,student-por.csv,157
157,MAT,GP,F,15,Urbana,>3,Juntos,1,1,otro,servicios,oferta,padre,1,2,False,True,False,True,True,True,False,4,4,2,1,2,5,0,False,True,0,True,False,8,11,11,False,False,False,True,0,False,13,314,12,3,38,1011,1,1,1,2,True,train,student-mat.csv,147
157,POR,GP,F,15,Urbana,>3,Juntos,1,1,otro,servicios,oferta,padre,1,2,False,True,False,True,True,True,False,4,4,2,1,2,5,0,False,False,0,True,False,12,12,12,False,False,False,True,0,False,10,147,9,2,33,557,2,1,0,0,False,train,student-por.csv,158
158,POR,GP,F,15,Urbana,<=3,Separados,2,1,hogar,otro,cercania,madre,2,1,False,True,True,True,False,True,True,4,4,2,1,1,5,0,False,False,0,True,False,11,10,10,False,False,False,False,0,False,18,334,17,4,66,1419,0,0,0,0,False,test,student-por.csv,159
159,MAT,GP,F,15,Urbana,>3,Juntos,3,2,salud,servicios,cercania,padre,1,2,False,True,False,True,True,True,False,3,3,2,1,1,3,3,True,False,0,False,False,6,7,0,False,False,True,True,1,,2,12,2,1,10,165,1,1,1,3,False,test,student-mat.csv,148
159,POR,GP,F,15,Urbana,>3,Juntos,3,2,salud,servicios,cercania,padre,1,2,False,True,False,True,True,True,False,3,3,2,1,1,3,1,False,False,2,True,False,11,11,11,False,False,False,True,0,False,5,56,5,1,19,253,0,0,0,0,False,test,student-por.csv,160
160,MAT,GP,F,15,Urbana,>3,Juntos,1,2,hogar,otro,oferta,madre,1,2,False,True,False,False,True,True,False,4,3,2,1,1,5,0,False,True,2,True,False,10,11,11,False,False,False,True,0,False,11,187,11,4,34,442,0,0,0,0,False,train,student-mat.csv,149
160,POR,GP,F,15,Urbana,>3,Juntos,1,2,hogar,otro,oferta,madre,1,2,False,True,False,False,True,True,False,4,3,2,1,1,5,0,False,False,6,True,False,13,12,13,False,False,False,True,0,True,11,122,10,4,32,501,0,0,0,0,False,train,student-por.csv,161
161,POR,GP,F,15,Urbana,>3,Juntos,1,2,hogar,servicios,oferta,padre,1,2,False,False,False,False,True,False,True,2,3,4,2,4,1,0,False,False,6,True,False,11,11,11,False,False,False,False,0,False,5,54,5,2,15,222,0,0,0,0,False,train,student-por.csv,162
162,MAT,GP,M,16,Urbana,>3,Juntos,4,4,docente,docente,oferta,madre,1,1,False,True,False,True,False,True,True,3,3,2,2,1,5,0,False,False,0,False,False,7,6,0,False,False,True,True,1,,11,226,11,2,25,669,3,2,1,3,False,train,student-mat.csv,150
162,POR,GP,M,16,Urbana,>3,Juntos,4,4,docente,docente,oferta,madre,1,1,False,True,False,True,False,True,True,3,3,2,2,1,5,0,False,False,16,True,False,9,9,8,False,False,False,True,1,False,4,157,4,0,18,366,2,1,1,2,False,train,student-por.csv,163
163,MAT,GP,M,15,Urbana,<=3,Separados,2,1,servicios,otro,oferta,madre,4,1,False,False,False,True,True,True,False,4,5,5,2,5,5,3,True,False,0,True,False,8,9,10,False,False,False,True,0,False,14,335,14,1,42,750,2,0,1,2,True,train,student-mat.csv,151
163,POR,GP,M,15,Urbana,<=3,Separados,2,1,servicios,otro,oferta,madre,4,1,False,False,False,True,True,True,False,4,5,5,2,5,5,0,False,False,0,True,False,12,11,11,False,False,False,True,0,False,44,1007,33,8,131,3151,0,0,0,0,False,train,student-por.csv,164
164,MAT,GP,M,18,Urbana,<=3,Juntos,1,1,otro,otro,oferta,madre,1,1,False,False,False,True,False,True,True,2,3,5,2,5,4,3,True,False,0,False,False,6,5,0,False,False,True,True,1,,2,13,2,1,3,20,0,0,1,3,True,train,student-mat.csv,152
164,POR,GP,M,18,Urbana,<=3,Juntos,1,1,otro,otro,oferta,madre,1,1,False,False,False,True,False,True,True,2,3,5,2,5,4,2,False,False,0,False,False,11,9,0,False,False,True,True,1,,3,60,3,0,8,102,0,0,1,2,True,train,student-por.csv,165
165,MAT,GP,M,16,Urbana,<=3,Juntos,2,1,hogar,otro,oferta,madre,1,1,False,False,True,True,True,False,True,4,4,4,3,5,5,1,False,False,6,True,False,12,13,14,False,False,False,True,0,True,8,146,8,3,18,328,0,0,0,0,False,train,student-mat.csv,153
165,POR,GP,M,16,Urbana,<=3,Juntos,2,1,hogar,otro,oferta,madre,1,1,False,False,True,True,True,False,True,4,4,4,3,5,5,1,False,False,6,True,False,9,10,10,False,False,False,True,0,False,4,102,4,0,16,220,2,1,0,0,False,train,student-por.csv,166
166,MAT,GP,F,15,Rural,>3,Juntos,3,3,servicios,servicios,reputacion,otro,2,3,False,True,True,True,True,True,True,4,2,1,2,3,3,2,False,True,8,True,False,10,10,10,False,False,False,True,0,False,11,178,11,3,26,472,0,0,1,2,True,train,student-mat.csv,154
166,POR,GP,F,15,Rural,>3,Juntos,3,3,servicios,servicios,reputacion,otro,2,3,False,True,True,True,True,True,True,4,2,1,2,3,3,0,False,True,2,True,False,13,13,13,False,False,False,True,0,True,28,656,23,9,76,1579,0,0,0,0,False,train,student-por.csv,167
167,MAT,GP,M,19,Urbana,>3,Juntos,3,2,servicios,hogar,cercania,madre,1,1,False,True,False,True,False,True,True,4,5,4,1,1,4,3,True,False,0,False,False,5,0,0,False,True,True,True,1,,9,149,8,2,20,299,2,2,1,3,False,test,student-mat.csv,155
167,POR,GP,M,19,Urbana,>3,Juntos,3,2,servicios,hogar,cercania,madre,1,1,False,True,False,True,False,True,True,4,5,4,1,1,4,0,False,False,6,True,False,11,9,11,False,False,False,True,0,False,29,608,22,8,79,1569,0,0,0,0,False,test,student-por.csv,168
168,MAT,GP,F,17,Urbana,>3,Juntos,4,4,otro,docente,oferta,madre,1,1,True,True,False,True,True,False,True,4,2,1,1,1,4,0,False,False,0,True,False,11,11,12,False,False,False,True,0,True,12,135,10,2,31,517,0,0,0,0,False,test,student-mat.csv,156
168,POR,GP,F,17,Urbana,>3,Juntos,4,4,otro,docente,oferta,madre,1,1,True,True,False,True,True,False,True,4,2,1,1,1,4,0,False,False,0,True,False,13,13,13,False,False,False,True,0,True,17,244,15,4,43,663,0,0,0,0,False,test,student-por.csv,169
169,MAT,GP,M,15,Rural,>3,Juntos,2,3,hogar,servicios,oferta,madre,1,2,True,False,True,True,True,False,False,4,4,4,1,1,1,0,False,True,2,True,False,11,8,8,False,False,False,True,1,False,16,339,12,3,42,813,0,0,0,0,False,train,student-mat.csv,157
169,POR,GP,M,15,Rural,>3,Juntos,2,3,hogar,servicios,oferta,madre,1,2,True,False,True,True,True,False,False,4,4,4,1,1,1,0,False,True,0,True,False,7,8,8,False,False,False,True,1,False,19,305,16,4,35,550,2,1,1,3,False,train,student-por.csv,170
170,MAT,GP,M,17,Rural,<=3,Juntos,1,2,otro,otro,reputacion,madre,1,1,False,False,False,True,True,False,False,2,2,2,3,3,5,0,False,False,8,True,False,16,12,13,False,False,False,True,0,True,6,137,6,1,21,377,0,0,0,0,False,train,student-mat.csv,158
170,POR,GP,M,17,Rural,<=3,Juntos,1,2,otro,otro,reputacion,madre,1,1,False,False,False,True,True,False,False,2,2,2,3,3,5,3,True,False,14,True,False,9,8,10,False,False,False,True,0,False,4,54,4,1,8,90,3,3,1,2,True,train,student-por.csv,171
171,MAT,GP,F,18,Rural,>3,Juntos,1,1,hogar,otro,oferta,madre,3,1,False,True,True,False,True,False,False,5,2,5,1,5,4,3,True,False,6,True,False,9,8,10,False,False,False,True,0,False,2,21,2,0,5,76,2,2,1,2,True,train,student-mat.csv,159
171,POR,GP,F,18,Rural,>3,Juntos,1,1,hogar,otro,oferta,madre,3,1,False,True,True,False,True,False,False,5,2,5,1,5,4,3,True,False,6,True,False,11,10,11,False,False,False,True,0,False,2,25,2,1,5,77,0,0,1,2,True,train,student-por.csv,172
172,MAT,GP,M,16,Rural,>3,Juntos,2,2,hogar,otro,oferta,madre,3,1,False,False,False,False,True,False,False,4,2,2,1,2,3,0,False,False,2,True,False,17,15,15,False,False,False,True,0,True,7,129,7,2,25,445,0,0,0,0,False,train,student-mat.csv,160
172,POR,GP,M,16,Rural,>3,Juntos,2,2,hogar,otro,oferta,madre,3,1,False,False,False,False,True,False,False,4,2,2,1,2,3,0,False,False,4,True,False,12,10,11,False,False,False,True,0,False,10,186,8,3,32,502,0,0,0,0,False,train,student-por.csv,173
173,MAT,GP,M,16,Urbana,>3,Juntos,3,3,otro,servicios,oferta,padre,1,2,False,True,False,True,True,True,True,4,5,5,4,4,5,1,False,True,4,True,False,10,12,12,False,False,False,True,0,True,5,76,5,0,23,332,0,0,0,0,False,train,student-mat.csv,161
173,POR,GP,M,16,Urbana,>3,Juntos,3,3,otro,servicios,oferta,padre,1,2,False,True,False,True,True,True,True,4,5,5,4,4,5,1,False,False,0,True,False,10,10,1,False,False,False,True,1,False,15,293,14,3,31,507,0,0,0,0,False,train,student-por.csv,174
174,POR,GP,M,16,Urbana,<=3,Juntos,1,2,salud,servicios,oferta,madre,2,1,False,False,False,False,True,True,False,4,4,5,3,5,5,2,False,False,0,True,False,9,8,10,False,False,False,False,0,False,6,322,6,4,13,475,2,2,1,2,False,train,student-por.csv,175
175,MAT,GP,M,17,Rural,<=3,Juntos,2,1,hogar,otro,oferta,madre,2,1,False,False,True,True,False,True,True,3,3,2,2,2,5,2,False,False,0,False,False,7,6,0,False,False,True,True,1,,1,12,1,0,2,37,0,0,1,3,False,train,student-mat.csv,162
175,POR,GP,M,17,Rural,<=3,Juntos,2,1,hogar,otro,oferta,madre,2,1,False,False,True,True,False,True,True,3,3,2,2,2,5,1,False,True,8,True,False,8,8,9,False,False,False,True,1,False,9,111,9,2,12,177,0,0,0,0,False,train,student-por.csv,176
176,POR,GP,M,17,Rural,>3,Juntos,3,2,otro,otro,oferta,madre,2,2,True,True,False,True,True,True,True,4,4,4,1,4,3,2,False,False,4,True,False,7,6,8,False,False,False,False,1,False,11,247,10,5,25,453,0,0,1,3,False,test,student-por.csv,177
177,POR,GP,M,15,Urbana,<=3,Juntos,1,2,otro,otro,oferta,madre,2,1,False,False,True,True,True,False,False,4,4,4,2,4,5,0,False,False,2,True,False,8,9,10,False,False,False,False,0,False,12,213,10,2,28,426,2,1,1,2,True,train,student-por.csv,178
178,POR,GP,M,16,Urbana,>3,Juntos,1,3,hogar,servicios,oferta,padre,1,1,False,False,False,True,False,True,False,5,3,3,1,4,2,1,False,False,2,True,False,9,8,8,False,False,False,False,1,False,14,238,13,3,38,694,0,0,1,2,True,train,student-por.csv,179
179,MAT,GP,M,17,Rural,<=3,Juntos,1,1,otro,servicios,oferta,madre,4,2,False,False,True,True,False,False,True,5,3,5,1,5,5,3,True,False,0,True,False,5,8,7,False,False,False,True,1,False,0,0,0,0,4,100,0,0,1,3,False,train,student-mat.csv,166
179,POR,GP,M,17,Rural,<=3,Juntos,1,1,otro,servicios,oferta,madre,4,2,False,False,True,True,False,False,True,5,3,5,1,5,5,0,False,False,0,True,False,8,8,8,False,False,False,True,1,False,2,45,2,1,3,52,1,1,1,2,False,train,student-por.csv,180
180,POR,GP,M,17,Urbana,>3,Juntos,3,2,servicios,servicios,oferta,madre,2,1,False,True,True,False,False,False,False,4,5,2,1,1,2,3,True,False,10,True,False,8,7,8,False,False,False,False,1,False,2,45,2,0,7,142,4,3,1,2,False,train,student-por.csv,181
181,MAT,GP,M,16,Urbana,>3,Juntos,2,2,otro,otro,oferta,padre,1,2,False,False,False,True,False,True,False,4,3,5,2,4,4,0,False,False,4,True,False,10,10,10,False,False,False,True,0,False,16,347,14,4,55,1030,0,0,0,0,False,test,student-mat.csv,168
181,POR,GP,M,16,Urbana,>3,Juntos,2,2,otro,otro,oferta,padre,1,2,False,False,False,True,False,True,False,4,3,5,2,4,4,0,False,False,0,True,False,9,10,11,False,False,False,True,0,False,22,427,18,6,61,1276,0,0,0,0,False,test,student-por.csv,182
182,MAT,GP,F,16,Urbana,>3,Juntos,4,2,salud,servicios,cercania,padre,1,2,False,False,False,True,True,True,True,4,2,3,1,1,3,0,False,True,0,True,False,14,15,16,False,False,False,True,0,True,15,187,14,3,35,470,0,0,0,0,False,test,student-mat.csv,169
182,POR,GP,F,16,Urbana,>3,Juntos,4,2,salud,servicios,cercania,padre,1,2,False,False,False,True,True,True,True,4,2,3,1,1,3,0,False,False,0,True,False,17,17,18,False,False,False,True,0,True,15,318,15,2,40,700,0,0,0,0,False,test,student-por.csv,183
183,MAT,GP,F,16,Urbana,>3,Juntos,2,2,otro,otro,cercania,madre,1,2,False,True,False,False,True,True,False,5,1,5,1,1,4,0,False,True,0,False,False,6,7,0,False,False,True,True,1,,20,440,17,3,43,853,1,1,1,3,True,train,student-mat.csv,170
183,POR,GP,F,16,Urbana,>3,Juntos,2,2,otro,otro,cercania,madre,1,2,False,True,False,False,True,True,False,5,1,5,1,1,4,0,False,False,0,True,False,12,12,13,False,False,False,True,0,True,20,427,16,3,46,951,0,0,0,0,False,train,student-por.csv,184
184,MAT,GP,F,16,Urbana,>3,Juntos,4,4,salud,salud,reputacion,madre,1,2,False,True,False,True,True,True,True,4,4,2,1,1,3,0,False,True,0,True,False,14,14,14,False,False,False,True,0,True,33,684,28,7,82,1684,0,0,0,0,False,train,student-mat.csv,171
184,POR,GP,F,16,Urbana,>3,Juntos,4,4,salud,salud,reputacion,madre,1,2,False,True,False,True,True,True,True,4,4,2,1,1,3,0,False,False,0,True,False,16,16,17,False,False,False,True,0,True,33,722,28,10,88,1884,0,0,0,0,False,train,student-por.csv,185
185,MAT,GP,M,16,Urbana,>3,Juntos,3,4,otro,otro,oferta,padre,3,1,False,True,True,False,True,True,False,3,4,5,2,4,2,2,False,False,0,False,False,6,5,0,False,False,True,True,1,,16,262,13,3,32,591,0,0,1,3,True,train,student-mat.csv,172
185,POR,GP,M,16,Urbana,>3,Juntos,3,4,otro,otro,oferta,padre,3,1,False,True,True,False,True,True,False,3,4,5,2,4,2,1,False,False,4,True,False,9,9,10,False,False,False,True,0,False,4,86,4,1,8,130,2,1,1,2,True,train,student-por.csv,186
186,MAT,GP,M,16,Urbana,>3,Juntos,1,0,otro,otro,reputacion,madre,2,2,False,True,True,True,True,True,True,4,3,2,1,1,3,0,False,True,2,True,False,13,15,16,False,False,False,True,0,True,37,941,32,14,84,1930,0,0,0,0,False,test,student-mat.csv,173
186,POR,GP,M,16,Urbana,>3,Juntos,1,0,otro,otro,reputacion,madre,2,2,False,True,True,True,True,True,True,4,3,2,1,1,3,0,False,False,0,True,False,16,17,18,False,False,False,True,0,True,12,140,11,1,28,483,0,0,0,0,False,test,student-por.csv,187
187,MAT,GP,M,17,Urbana,<=3,Juntos,4,4,docente,otro,reputacion,madre,1,2,False,True,True,True,True,True,False,4,4,4,1,3,5,0,False,True,0,True,False,13,11,10,False,False,False,True,0,False,12,208,12,1,41,679,0,0,0,0,False,train,student-mat.csv,174
187,POR,GP,M,17,Urbana,<=3,Juntos,4,4,docente,otro,reputacion,madre,1,2,False,True,True,True,True,True,False,4,4,4,1,3,5,0,False,False,0,True,False,11,9,10,False,False,False,True,0,False,22,649,20,8,44,1128,0,0,0,0,False,train,student-por.csv,188
188,MAT,GP,F,16,Urbana,>3,Juntos,1,3,hogar,servicios,cercania,madre,1,2,False,False,True,False,True,True,True,4,3,5,1,1,3,3,True,False,0,False,False,8,7,0,False,False,True,True,1,,8,128,7,2,20,269,2,1,1,2,False,train,student-mat.csv,175
188,POR,GP,F,16,Urbana,>3,Juntos,1,3,hogar,servicios,cercania,madre,1,2,False,False,True,False,True,True,True,4,3,5,1,1,3,0,False,False,0,True,False,14,13,13,False,False,False,True,0,True,15,279,12,5,37,683,0,0,0,0,False,train,student-por.csv,189
189,MAT,GP,F,16,Urbana,<=3,Juntos,3,3,otro,otro,reputacion,madre,2,2,False,True,True,True,True,True,False,4,4,5,1,1,4,0,False,True,4,True,False,10,11,9,False,False,False,True,1,False,6,158,6,0,17,347,0,0,0,0,False,train,student-mat.csv,176
189,POR,GP,F,16,Urbana,<=3,Juntos,3,3,otro,otro,reputacion,madre,2,2,False,True,True,True,True,True,False,4,4,5,1,1,4,0,False,False,0,True,False,14,14,15,False,False,False,True,0,True,8,168,8,1,16,318,0,0,0,0,False,train,student-por.csv,190
190,MAT,GP,M,17,Urbana,<=3,Juntos,4,3,docente,otro,oferta,madre,2,2,False,False,True,True,True,True,False,4,4,4,4,4,4,0,False,True,4,True,False,10,9,9,False,False,False,True,1,False,40,890,26,10,100,2226,0,0,0,0,False,train,student-mat.csv,177
190,POR,GP,M,17,Urbana,<=3,Juntos,4,3,docente,otro,oferta,madre,2,2,False,False,True,True,True,True,False,4,4,4,4,4,4,0,False,False,0,True,False,10,11,11,False,False,False,True,0,False,24,518,20,5,72,1361,0,0,0,0,False,train,student-por.csv,191
191,MAT,GP,F,16,Urbana,>3,Juntos,2,2,servicios,otro,reputacion,madre,2,2,False,False,True,False,True,True,False,3,4,4,1,4,5,0,False,True,2,True,False,13,13,11,False,False,False,True,0,False,39,928,30,6,98,2295,0,0,0,0,False,train,student-mat.csv,178
191,POR,GP,F,16,Urbana,>3,Juntos,2,2,servicios,otro,reputacion,madre,2,2,False,False,True,False,True,True,False,3,4,4,1,4,5,0,False,False,0,True,False,13,12,14,False,False,False,True,0,True,54,1534,39,15,160,4401,0,0,0,0,False,train,student-por.csv,192
192,MAT,GP,M,17,Urbana,>3,Juntos,3,3,otro,otro,reputacion,padre,1,2,False,False,True,False,True,True,False,4,3,4,1,4,4,0,False,False,4,True,False,6,5,6,False,False,False,True,1,False,10,235,10,4,27,544,2,1,1,3,False,test,student-mat.csv,179
192,POR,GP,M,17,Urbana,>3,Juntos,3,3,otro,otro,reputacion,padre,1,2,False,False,True,False,True,True,False,4,3,4,1,4,4,0,False,False,4,True,False,11,9,10,False,False,False,True,0,False,24,538,22,3,58,1204,0,0,0,0,False,test,student-por.csv,193
193,MAT,GP,M,16,Rural,>3,Juntos,4,2,docente,servicios,otro,madre,1,1,False,True,True,True,True,True,True,4,3,3,3,4,3,0,False,False,10,True,False,10,8,9,False,False,False,True,1,False,13,508,12,4,39,1005,0,0,0,0,False,train,student-mat.csv,180
193,POR,GP,M,16,Rural,>3,Juntos,4,2,docente,servicios,otro,madre,1,1,False,True,True,True,True,True,True,4,3,3,3,4,3,0,False,False,8,True,False,10,9,11,False,False,False,True,0,False,5,105,5,2,13,209,0,0,0,0,False,train,student-por.csv,194
194,MAT,GP,M,17,Urbana,>3,Juntos,4,3,otro,otro,oferta,madre,1,2,False,True,True,True,True,True,True,5,2,3,1,1,2,0,False,False,4,True,False,10,10,11,False,False,False,True,0,False,43,976,32,8,128,3133,0,0,0,0,False,train,student-mat.csv,181
194,POR,GP,M,17,Urbana,>3,Juntos,4,3,otro,otro,oferta,madre,1,2,False,True,True,True,True,True,True,5,2,3,1,1,2,0,False,True,4,True,False,11,11,13,False,False,False,True,0,True,47,1283,34,10,127,3500,0,0,0,0,False,train,student-por.csv,195
195,MAT,GP,M,16,Urbana,>3,Juntos,4,3,docente,otro,cercania,madre,1,2,False,True,True,True,True,True,False,3,4,3,2,3,3,0,False,True,10,True,False,9,8,8,False,False,False,True,1,False,10,189,10,5,27,466,3,1,1,2,False,train,student-mat.csv,182
195,POR,GP,M,16,Urbana,>3,Juntos,4,3,docente,otro,cercania,madre,1,2,False,True,True,True,True,True,False,3,4,3,2,3,3,0,False,True,4,True,False,11,10,11,False,False,False,True,0,False,2,44,2,0,14,246,0,0,0,0,False,train,student-por.csv,196
196,MAT,GP,M,16,Urbana,>3,Juntos,3,3,servicios,otro,cercania,madre,1,2,False,False,True,True,True,True,True,4,2,3,1,2,3,0,False,True,2,True,False,12,13,12,False,False,False,True,0,True,7,120,7,1,19,372,0,0,0,0,False,train,student-mat.csv,183
196,POR,GP,M,16,Urbana,>3,Juntos,3,3,servicios,otro,cercania,madre,1,2,False,False,True,True,True,True,True,4,2,3,1,2,3,0,False,False,0,True,False,11,12,13,False,False,False,True,0,True,10,175,10,1,25,403,0,0,0,0,False,train,student-por.csv,197
197,MAT,GP,F,17,Urbana,>3,Juntos,2,4,servicios,servicios,reputacion,padre,1,2,False,True,True,True,True,False,False,5,4,2,2,3,5,0,False,False,0,True,False,16,17,17,False,False,False,True,0,True,23,485,21,6,57,1283,0,0,0,0,False,train,student-mat.csv,184
197,POR,GP,F,17,Urbana,>3,Juntos,2,4,servicios,servicios,reputacion,padre,1,2,False,True,True,True,True,False,False,5,4,2,2,3,5,0,False,False,0,True,False,17,18,17,False,False,False,True,0,True,3,74,3,1,21,346,0,0,0,0,False,train,student-por.csv,198
198,MAT,GP,F,17,Urbana,<=3,Juntos,3,3,otro,otro,reputacion,madre,1,2,False,True,True,True,True,True,True,5,3,3,2,3,1,0,False,False,56,True,True,9,9,8,False,False,False,True,1,False,18,300,16,4,40,652,1,0,1,2,True,train,student-mat.csv,185
198,POR,GP,F,17,Urbana,<=3,Juntos,3,3,otro,otro,reputacion,madre,1,2,False,True,True,True,True,True,True,5,3,3,2,3,1,0,False,False,32,True,True,14,13,14,False,False,False,True,0,True,11,157,9,3,20,321,0,0,0,0,False,train,student-por.csv,199
199,MAT,GP,F,16,Urbana,>3,Juntos,3,2,otro,otro,reputacion,madre,1,2,False,True,False,True,True,True,False,1,2,2,1,2,1,0,False,True,14,True,False,12,13,12,False,False,False,True,0,True,18,375,17,6,36,794,0,0,0,0,False,train,student-mat.csv,186
199,POR,GP,F,16,Urbana,>3,Juntos,3,2,otro,otro,reputacion,madre,1,2,False,True,False,True,True,True,False,1,2,2,1,2,1,0,False,False,8,True,False,14,15,16,False,False,False,True,0,True,17,301,15,6,51,956,0,0,0,0,False,train,student-por.csv,200
200,MAT,GP,M,17,Urbana,>3,Juntos,3,3,servicios,servicios,otro,madre,1,2,False,True,True,True,True,True,True,4,3,4,2,3,4,0,False,False,12,True,False,12,12,11,False,False,False,True,0,False,43,983,34,18,121,2891,0,0,0,0,False,test,student-mat.csv,187
200,POR,GP,M,17,Urbana,>3,Juntos,3,3,servicios,servicios,otro,madre,1,2,False,True,True,True,True,True,True,4,3,4,2,3,4,0,False,False,6,True,False,11,13,14,False,False,False,True,0,True,12,173,12,0,29,437,0,0,0,0,False,test,student-por.csv,201
201,MAT,GP,M,16,Urbana,>3,Juntos,1,2,servicios,servicios,otro,madre,1,1,False,True,True,True,True,True,True,3,3,3,1,2,3,0,False,True,2,True,False,11,12,11,False,False,False,True,0,False,33,639,25,9,77,1623,0,0,0,0,False,train,student-mat.csv,188
201,POR,GP,M,16,Urbana,>3,Juntos,1,2,servicios,servicios,otro,madre,1,1,False,True,True,True,True,True,True,3,3,3,1,2,3,0,False,False,0,True,False,10,9,11,False,False,False,True,0,False,20,270,17,4,49,804,0,0,0,0,False,train,student-por.csv,202
202,MAT,GP,M,16,Urbana,<=3,Juntos,2,1,otro,otro,oferta,madre,1,2,False,False,True,True,True,True,True,4,2,3,1,2,5,0,False,True,0,True,False,15,15,15,False,False,False,True,0,True,37,756,26,9,98,2135,0,0,0,0,False,train,student-mat.csv,189
202,POR,GP,M,16,Urbana,<=3,Juntos,2,1,otro,otro,oferta,madre,1,2,False,False,True,True,True,True,True,4,2,3,1,2,5,0,False,False,0,True,False,13,14,16,False,False,False,True,0,True,38,1022,26,11,81,1868,0,0,0,0,False,train,student-por.csv,203
203,MAT,GP,F,17,Urbana,>3,Separados,3,3,salud,otro,reputacion,madre,1,2,False,True,False,False,True,True,True,3,3,3,1,3,3,0,False,False,6,True,False,8,7,9,False,False,False,True,1,False,27,618,23,6,59,1378,0,0,1,2,True,train,student-mat.csv,190
203,POR,GP,F,17,Urbana,>3,Separados,3,3,salud,otro,reputacion,madre,1,2,False,True,False,False,True,True,True,3,3,3,1,3,3,0,False,False,10,True,False,12,13,14,False,False,False,True,0,True,21,351,20,6,47,864,0,0,0,0,False,train,student-por.csv,204
204,MAT,GP,M,17,Rural,>3,Juntos,1,2,hogar,otro,cercania,madre,1,2,False,False,False,True,True,False,False,3,1,3,1,5,3,0,False,False,4,True,False,8,9,10,False,False,False,True,0,False,34,640,27,6,82,2002,5,4,1,2,True,test,student-mat.csv,191
204,POR,GP,M,17,Rural,>3,Juntos,1,2,hogar,otro,cercania,madre,1,2,False,False,False,True,True,False,False,3,1,3,1,5,3,0,False,False,6,True,False,9,9,10,False,False,False,True,0,False,18,277,18,4,41,640,2,1,0,0,False,test,student-por.csv,205
205,MAT,GP,F,16,Urbana,>3,Juntos,2,3,servicios,servicios,oferta,madre,1,2,False,False,False,True,True,True,False,4,3,3,1,1,2,0,False,False,10,True,False,11,12,13,False,False,False,True,0,True,8,101,8,1,30,505,0,0,0,0,False,train,student-mat.csv,192
205,POR,GP,F,16,Urbana,>3,Juntos,2,3,servicios,servicios,oferta,madre,1,2,False,False,False,True,True,True,False,4,3,3,1,1,2,0,False,False,6,True,False,12,12,13,False,False,False,True,0,True,4,59,4,1,12,157,0,0,0,0,False,train,student-por.csv,206
206,MAT,GP,F,17,Urbana,>3,Juntos,1,1,hogar,servicios,oferta,madre,1,2,False,False,True,True,True,True,False,5,3,3,1,1,3,0,False,False,0,True,False,8,8,9,False,False,False,True,1,False,20,403,15,4,55,927,3,3,1,2,True,train,student-mat.csv,193
206,POR,GP,F,17,Urbana,>3,Juntos,1,1,hogar,servicios,oferta,madre,1,2,False,False,True,True,True,True,False,5,3,3,1,1,3,0,False,False,0,True,False,12,11,12,False,False,False,True,0,False,6,100,5,0,22,347,0,0,0,0,False,train,student-por.csv,207
207,MAT,GP,M,17,Urbana,>3,Juntos,1,2,hogar,servicios,otro,otro,2,2,False,False,True,False,True,True,False,4,4,4,4,5,5,0,False,True,12,True,False,7,8,8,False,False,False,True,1,False,16,270,13,4,38,663,0,0,1,3,True,train,student-mat.csv,194
207,POR,GP,M,17,Urbana,>3,Juntos,1,2,hogar,servicios,otro,otro,2,2,False,False,True,False,True,True,False,4,4,4,4,5,5,0,False,False,16,True,False,10,11,12,False,False,False,True,0,False,17,351,15,4,50,982,0,0,0,0,False,train,student-por.csv,208
208,MAT,GP,M,16,Rural,>3,Juntos,3,3,servicios,servicios,reputacion,madre,1,1,False,True,True,True,True,True,False,4,3,2,3,4,5,0,False,False,8,True,False,8,9,10,False,False,False,True,0,False,3,28,3,0,9,139,1,0,1,2,False,test,student-mat.csv,195
208,POR,GP,M,16,Rural,>3,Juntos,3,3,servicios,servicios,reputacion,madre,1,1,False,True,True,True,True,True,False,4,3,2,3,4,5,0,False,False,0,True,False,11,10,10,False,False,False,True,0,False,10,154,9,1,19,272,0,0,0,0,False,test,student-por.csv,209
209,MAT,GP,M,16,Urbana,>3,Juntos,2,3,otro,otro,cercania,padre,2,1,False,False,False,True,True,True,False,5,3,3,1,1,3,0,False,False,0,True,False,13,14,14,False,False,False,True,0,True,4,64,4,1,14,193,0,0,0,0,False,train,student-mat.csv,196
209,POR,GP,M,16,Urbana,>3,Juntos,2,3,otro,otro,cercania,padre,2,1,False,False,False,True,True,True,False,5,3,3,1,1,3,0,False,False,0,True,False,13,12,12,False,False,False,True,0,False,12,195,11,5,22,338,0,0,0,0,False,train,student-por.csv,210
210,MAT,GP,F,17,Urbana,<=3,Juntos,2,4,servicios,servicios,oferta,padre,1,2,False,False,True,True,True,True,True,4,3,2,1,1,5,0,False,False,0,True,False,14,15,15,False,False,False,True,0,True,4,47,4,1,20,322,0,0,0,0,False,train,student-mat.csv,197
210,POR,GP,F,17,Urbana,<=3,Juntos,2,4,servicios,servicios,oferta,padre,1,2,False,False,True,True,True,True,True,4,3,2,1,1,5,0,False,False,8,True,False,14,15,16,False,False,False,True,0,True,4,62,4,1,16,263,0,0,0,0,False,train,student-por.csv,211
211,MAT,GP,M,17,Urbana,>3,Juntos,4,4,servicios,docente,cercania,madre,1,1,False,False,False,True,True,True,False,5,2,3,1,2,5,0,False,False,4,True,False,17,15,16,False,False,False,True,0,True,15,319,12,6,49,960,4,3,0,0,False,train,student-mat.csv,198
211,POR,GP,M,17,Urbana,>3,Juntos,4,4,servicios,docente,cercania,madre,1,1,False,False,False,True,True,True,False,5,2,3,1,2,5,0,False,False,4,True,False,13,13,14,False,False,False,True,0,True,43,834,31,12,111,2400,0,0,0,0,False,train,student-por.csv,212
212,MAT,GP,M,16,Rural,<=3,Juntos,3,3,docente,otro,cercania,padre,3,1,False,True,True,True,True,True,False,3,3,4,3,5,3,0,False,True,8,True,False,9,9,10,False,False,False,True,0,False,26,796,20,3,68,1586,2,1,0,0,False,train,student-mat.csv,199
212,POR,GP,M,16,Rural,<=3,Juntos,3,3,docente,otro,cercania,padre,3,1,False,True,True,True,True,True,False,3,3,4,3,5,3,0,False,False,16,True,False,10,11,12,False,False,False,True,0,False,3,52,3,1,8,128,0,0,0,0,False,train,student-por.csv,213
213,MAT,GP,F,17,Urbana,>3,Juntos,4,4,servicios,docente,cercania,madre,2,1,False,True,False,True,True,True,False,4,2,4,2,3,2,1,False,False,24,True,False,18,18,18,False,False,False,True,0,True,19,570,15,9,47,1095,0,0,0,0,False,train,student-mat.csv,200
213,POR,GP,F,17,Urbana,>3,Juntos,4,4,servicios,docente,cercania,madre,2,1,False,True,False,True,True,True,False,4,2,4,2,3,2,1,False,False,30,True,True,14,15,16,False,False,False,True,0,True,13,198,11,5,29,473,3,2,0,0,False,train,student-por.csv,214
214,MAT,GP,F,16,Urbana,<=3,Juntos,4,4,docente,docente,reputacion,madre,1,2,False,True,False,True,True,True,False,4,5,2,1,2,3,0,False,True,0,True,False,9,9,10,False,False,False,True,0,False,15,292,14,5,34,812,1,1,0,0,False,train,student-mat.csv,201
214,POR,GP,F,16,Urbana,<=3,Juntos,4,4,docente,docente,reputacion,madre,1,2,False,True,False,True,True,True,False,4,5,2,1,2,3,0,False,False,0,True,False,11,10,11,False,False,False,True,0,False,14,212,13,2,44,759,0,0,0,0,False,train,student-por.csv,215
215,MAT,GP,F,16,Urbana,>3,Juntos,4,3,salud,otro,cercania,madre,1,2,False,True,True,True,True,True,False,4,3,5,1,5,2,0,False,False,2,True,False,16,16,16,False,False,False,True,0,True,17,222,16,3,39,627,0,0,0,0,False,train,student-mat.csv,202
215,POR,GP,F,16,Urbana,>3,Juntos,4,3,salud,otro,cercania,madre,1,2,False,True,True,True,True,True,False,4,3,5,1,5,2,0,False,False,2,True,False,14,14,15,False,False,False,True,0,True,18,370,14,5,36,803,0,0,0,0,False,train,student-por.csv,216
216,MAT,GP,F,16,Urbana,>3,Juntos,2,3,otro,otro,reputacion,madre,1,2,True,True,True,True,True,False,False,4,4,3,1,3,4,0,False,True,6,True,False,8,10,10,False,False,False,True,0,False,8,101,8,2,30,567,0,0,1,2,True,test,student-mat.csv,203
216,POR,GP,F,16,Urbana,>3,Juntos,2,3,otro,otro,reputacion,madre,1,2,True,True,True,True,True,False,False,4,4,3,1,3,4,0,False,False,4,True,False,11,12,12,False,False,False,True,0,False,7,111,7,2,23,353,0,0,0,0,False,test,student-por.csv,217
217,MAT,GP,F,17,Urbana,>3,Juntos,1,1,otro,otro,oferta,madre,1,2,False,True,False,False,True,False,False,4,4,4,1,3,1,0,False,True,4,True,False,9,9,10,False,False,False,True,0,False,5,118,4,2,16,305,3,2,1,2,True,train,student-mat.csv,204
217,POR,GP,F,17,Urbana,>3,Juntos,1,1,otro,otro,oferta,madre,1,2,False,True,False,False,True,False,False,4,4,4,1,3,1,0,False,False,0,True,False,14,15,15,False,False,False,True,0,True,16,219,14,6,49,825,0,0,0,0,False,train,student-por.csv,218
218,MAT,GP,F,17,Rural,>3,Juntos,2,2,otro,otro,reputacion,madre,1,1,False,True,False,True,True,True,False,5,3,2,1,2,3,0,False,False,18,True,False,7,6,6,False,False,False,True,1,False,19,658,17,1,56,1374,3,2,1,3,True,train,student-mat.csv,205
218,POR,GP,F,17,Rural,>3,Juntos,2,2,otro,otro,reputacion,madre,1,1,False,True,False,True,True,True,False,5,3,2,1,2,3,0,False,False,21,True,False,13,13,13,False,False,False,True,0,True,11,161,10,1,35,640,0,0,0,0,False,train,student-por.csv,219
219,MAT,GP,F,16,Rural,>3,Juntos,2,2,servicios,servicios,reputacion,madre,2,4,False,True,True,False,True,True,False,5,3,5,1,1,5,0,False,True,6,True,False,10,10,11,False,False,False,True,0,False,33,892,26,7,74,1589,0,0,0,0,False,train,student-mat.csv,206
219,POR,GP,F,16,Rural,>3,Juntos,2,2,servicios,servicios,reputacion,madre,2,4,False,True,True,False,True,True,False,5,3,5,1,1,5,0,False,False,6,True,False,13,13,13,False,False,False,True,0,True,33,668,26,8,96,2201,0,0,0,0,False,train,student-por.csv,220
220,MAT,GP,F,17,Urbana,>3,Juntos,3,4,hogar,servicios,cercania,madre,1,3,False,True,False,True,True,True,True,4,4,3,3,4,5,1,False,True,28,True,False,10,9,9,False,False,False,True,1,False,10,193,10,2,27,426,0,0,0,0,False,train,student-mat.csv,207
220,POR,GP,F,17,Urbana,>3,Juntos,3,4,hogar,servicios,cercania,madre,1,3,False,True,False,True,True,True,True,4,4,3,3,4,5,1,False,True,14,True,False,8,9,8,False,False,False,True,1,False,6,122,5,0,20,341,0,0,1,2,False,train,student-por.csv,221
221,MAT,GP,F,16,Urbana,>3,Separados,3,1,servicios,otro,oferta,madre,1,2,False,True,False,True,True,True,False,2,3,3,2,2,4,3,True,True,5,True,False,7,7,7,False,False,False,True,1,False,14,461,12,6,28,715,2,2,1,3,False,test,student-mat.csv,208
221,POR,GP,F,16,Urbana,>3,Separados,3,1,servicios,otro,oferta,madre,1,2,False,True,False,True,True,True,False,2,3,3,2,2,4,0,False,False,2,True,False,11,11,12,False,False,False,True,0,False,39,874,27,14,91,2278,0,0,0,0,False,test,student-por.csv,222
222,MAT,GP,F,16,Urbana,>3,Juntos,4,3,docente,otro,otro,madre,1,2,False,False,True,True,True,True,True,1,3,2,1,1,1,0,False,True,10,True,False,11,12,13,False,False,False,True,0,True,31,645,24,10,77,1625,0,0,0,0,False,train,student-mat.csv,209
222,POR,GP,F,16,Urbana,>3,Juntos,4,3,docente,otro,otro,madre,1,2,False,False,True,True,True,True,True,1,3,2,1,1,1,0,False,False,4,True,False,14,15,15,False,False,False,True,0,True,30,597,23,4,71,1342,0,0,0,0,False,train,student-por.csv,223
223,MAT,GP,F,16,Urbana,>3,Juntos,1,1,hogar,otro,cercania,madre,2,1,False,True,False,True,True,False,False,4,3,2,1,4,5,0,False,True,6,True,False,9,9,10,False,False,False,True,0,False,17,384,16,2,47,945,3,1,1,2,False,train,student-mat.csv,210
223,POR,GP,F,16,Urbana,>3,Juntos,1,1,hogar,otro,cercania,madre,2,1,False,True,False,True,True,False,False,4,3,2,1,4,5,0,False,False,2,True,False,12,13,13,False,False,False,True,0,True,24,332,22,5,48,713,0,0,0,0,False,train,student-por.csv,224
224,MAT,GP,F,17,Rural,>3,Juntos,4,3,docente,otro,reputacion,madre,2,3,False,True,True,True,True,True,True,4,4,2,1,1,4,0,False,True,6,True,False,7,7,7,False,False,False,True,1,False,23,434,20,4,45,759,0,0,1,3,False,train,student-mat.csv,211
224,POR,GP,F,17,Rural,>3,Juntos,4,3,docente,otro,reputacion,madre,2,3,False,True,True,True,True,True,True,4,4,2,1,1,4,0,False,False,0,True,False,11,12,12,False,False,False,True,0,False,20,270,20,3,43,720,4,3,0,0,False,train,student-por.csv,225
225,MAT,GP,F,19,Urbana,>3,Juntos,3,3,otro,otro,reputacion,otro,1,4,False,True,True,True,True,True,False,4,3,3,1,2,3,0,False,True,10,True,False,8,8,8,False,False,False,True,1,False,27,671,20,5,93,2178,0,0,1,2,False,test,student-mat.csv,212
225,POR,GP,F,19,Urbana,>3,Juntos,3,3,otro,otro,reputacion,otro,1,4,False,True,True,True,True,True,False,4,3,3,1,2,3,0,False,False,4,True,False,12,12,12,False,False,False,True,0,False,18,293,16,5,44,704,0,0,0,0,False,test,student-por.csv,226
226,MAT,GP,M,17,Urbana,<=3,Juntos,4,4,servicios,otro,cercania,madre,1,2,False,True,False,True,True,True,True,5,3,5,4,5,3,0,False,True,13,True,False,12,12,13,False,False,False,True,0,True,22,364,21,8,59,1053,0,0,0,0,False,train,student-mat.csv,213
226,POR,GP,M,17,Urbana,<=3,Juntos,4,4,servicios,otro,cercania,madre,1,2,False,True,False,True,True,True,True,5,3,5,4,5,3,0,False,False,15,True,False,13,12,12,False,False,False,True,0,False,12,294,12,2,27,512,0,0,0,0,False,train,student-por.csv,227
227,MAT,GP,F,16,Urbana,>3,Separados,2,2,otro,otro,reputacion,madre,1,2,True,True,False,True,True,True,False,3,3,4,1,1,4,0,False,True,0,True,False,12,13,14,False,False,False,True,0,True,35,775,26,10,95,2221,0,0,0,0,False,test,student-mat.csv,214
227,POR,GP,F,16,Urbana,>3,Separados,2,2,otro,otro,reputacion,madre,1,2,True,True,False,True,True,True,False,3,3,4,1,1,4,0,False,False,0,True,False,13,13,13,False,False,False,True,0,True,101,3860,52,21,265,8325,0,0,0,0,False,test,student-por.csv,228
228,MAT,GP,M,18,Urbana,>3,Juntos,2,2,servicios,otro,cercania,madre,1,2,False,True,True,True,True,True,False,4,4,4,2,4,5,1,False,True,15,True,False,6,7,8,False,False,False,True,1,False,42,975,34,11,125,2746,2,2,1,3,True,train,student-mat.csv,215
228,POR,GP,M,18,Urbana,>3,Juntos,2,2,servicios,otro,cercania,madre,1,2,False,True,True,True,True,True,False,4,4,4,2,4,5,0,False,False,10,True,False,12,11,11,False,False,False,True,0,False,70,1850,40,16,202,5656,0,0,0,0,False,train,student-por.csv,229
229,MAT,GP,F,17,Rural,<=3,Juntos,4,4,servicios,otro,otro,madre,1,1,False,True,False,True,True,False,False,5,2,1,1,2,3,0,False,True,12,True,False,8,10,10,False,False,False,True,0,False,4,46,4,0,8,115,3,2,1,2,True,train,student-mat.csv,216
229,POR,GP,F,17,Rural,<=3,Juntos,4,4,servicios,otro,otro,madre,1,1,False,True,False,True,True,False,False,5,2,1,1,2,3,0,False,False,6,True,False,12,11,11,False,False,False,True,0,False,1,4,1,0,6,57,0,0,0,0,False,train,student-por.csv,230
230,MAT,GP,F,17,Urbana,<=3,Juntos,3,2,otro,otro,reputacion,madre,2,2,False,False,False,True,True,True,False,4,4,4,1,3,1,0,False,True,2,True,False,14,15,15,False,False,False,True,0,True,14,226,10,2,26,433,0,0,0,0,False,train,student-mat.csv,217
230,POR,GP,F,17,Urbana,<=3,Juntos,3,2,otro,otro,reputacion,madre,2,2,False,False,False,True,True,True,False,4,4,4,1,3,1,0,False,False,2,True,False,14,16,15,False,False,False,True,0,True,11,228,10,6,40,747,0,0,0,0,False,train,student-por.csv,231
231,MAT,GP,F,17,Urbana,>3,Juntos,4,3,otro,otro,reputacion,madre,1,2,False,False,False,True,True,True,True,3,4,5,2,4,1,2,False,True,22,True,False,6,6,4,False,False,False,True,1,False,1,17,1,0,12,161,2,2,0,0,False,train,student-mat.csv,218
231,POR,GP,F,17,Urbana,>3,Juntos,4,3,otro,otro,reputacion,madre,1,2,False,False,False,True,True,True,True,3,4,5,2,4,1,0,False,False,16,True,False,11,9,10,False,False,False,True,0,False,12,181,11,0,37,639,0,0,0,0,False,train,student-por.csv,232
232,MAT,GP,M,18,Urbana,<=3,Juntos,3,3,servicios,salud,cercania,padre,1,2,False,True,False,True,True,True,False,3,2,4,2,4,4,1,False,True,13,True,False,6,6,8,False,False,False,True,1,False,8,109,8,3,22,388,2,0,1,3,True,train,student-mat.csv,219
232,POR,GP,M,18,Urbana,<=3,Juntos,3,3,servicios,salud,cercania,padre,1,2,False,True,False,True,True,True,False,3,2,4,2,4,4,0,False,False,10,True,False,10,10,10,False,False,False,True,0,False,12,216,10,1,31,556,0,0,0,0,False,train,student-por.csv,233
233,MAT,GP,F,17,Urbana,>3,Juntos,2,3,hogar,otro,cercania,padre,2,1,False,True,False,True,True,False,False,3,3,3,1,4,3,0,False,True,3,True,False,7,7,8,False,False,False,True,1,False,6,75,6,1,12,156,1,0,1,3,False,test,student-mat.csv,220
233,POR,GP,F,17,Urbana,>3,Juntos,2,3,hogar,otro,cercania,padre,2,1,False,True,False,True,True,False,False,3,3,3,1,4,3,0,False,False,4,True,False,12,13,13,False,False,False,True,0,True,8,89,8,0,31,513,0,0,0,0,False,test,student-por.csv,234
234,MAT,GP,F,17,Urbana,>3,Juntos,2,2,hogar,hogar,oferta,madre,1,3,False,True,True,True,True,True,False,4,3,3,1,1,4,0,False,True,4,True,False,9,10,10,False,False,False,True,0,False,47,1355,34,11,118,3220,2,2,0,0,False,train,student-mat.csv,221
234,POR,GP,F,17,Urbana,>3,Juntos,2,2,hogar,hogar,oferta,madre,1,3,False,True,True,True,True,True,False,4,3,3,1,1,4,0,False,False,0,True,False,12,12,13,False,False,False,True,0,True,31,625,26,7,71,1399,0,0,0,0,False,train,student-por.csv,235
235,MAT,GP,F,17,Rural,>3,Juntos,2,1,hogar,servicios,reputacion,madre,2,2,False,True,True,True,True,True,False,4,2,5,1,2,5,0,False,False,2,True,False,6,6,6,False,False,False,True,1,False,5,92,5,1,28,473,0,0,1,3,True,train,student-mat.csv,222
235,POR,GP,F,17,Rural,>3,Juntos,2,1,hogar,servicios,reputacion,madre,2,2,False,True,True,True,True,True,False,4,2,5,1,2,5,0,False,False,0,True,False,11,10,11,False,False,False,True,0,False,8,117,7,2,32,557,0,0,0,0,False,train,student-por.csv,236
236,MAT,GP,F,17,Urbana,>3,Juntos,1,1,hogar,otro,reputacion,madre,1,3,False,True,True,True,True,False,True,4,3,4,1,1,5,1,False,False,0,False,False,6,5,0,False,False,True,True,1,,8,180,8,4,18,342,5,4,1,3,True,train,student-mat.csv,223
236,POR,GP,F,17,Urbana,>3,Juntos,1,1,hogar,otro,reputacion,madre,1,3,False,True,True,True,True,False,True,4,3,4,1,1,5,0,False,False,12,True,False,12,12,12,False,False,False,True,0,False,29,790,25,9,73,1684,0,0,0,0,False,train,student-por.csv,237
237,MAT,GP,F,16,Urbana,>3,Juntos,2,3,servicios,docente,otro,madre,1,2,True,False,False,True,True,True,False,2,3,1,1,1,3,0,False,False,2,True,False,16,16,17,False,False,False,True,0,True,0,0,0,0,11,129,0,0,0,0,False,train,student-mat.csv,224
237,POR,GP,F,16,Urbana,>3,Juntos,2,3,servicios,docente,otro,madre,1,2,True,False,False,True,True,True,False,2,3,1,1,1,3,0,False,False,0,True,False,13,13,14,False,False,False,True,0,True,7,96,7,1,14,175,0,0,0,0,False,train,student-por.csv,238
238,MAT,GP,M,18,Urbana,>3,Juntos,2,2,otro,otro,cercania,madre,2,2,False,True,False,True,True,True,False,3,3,3,5,5,4,0,False,True,0,True,False,12,13,13,False,False,False,True,0,True,6,91,6,2,9,121,0,0,0,0,False,train,student-mat.csv,225
238,POR,GP,M,18,Urbana,>3,Juntos,2,2,otro,otro,cercania,madre,2,2,False,True,False,True,True,True,False,3,3,3,5,5,4,3,True,True,9,True,False,10,9,10,False,False,False,True,0,False,3,14,3,0,5,58,0,0,0,0,False,train,student-por.csv,239
239,MAT,GP,F,16,Urbana,>3,Juntos,4,4,docente,servicios,cercania,madre,1,3,False,True,True,False,True,True,False,5,3,2,1,1,5,0,False,False,0,True,False,13,13,14,False,False,False,True,0,True,18,256,15,7,40,904,0,0,0,0,False,train,student-mat.csv,226
239,POR,GP,F,16,Urbana,>3,Juntos,4,4,docente,servicios,cercania,madre,1,3,False,True,True,False,True,True,False,5,3,2,1,1,5,0,False,False,4,True,False,15,16,16,False,False,False,True,0,True,11,157,10,3,26,587,0,0,0,0,False,train,student-por.csv,240
240,MAT,GP,F,18,Rural,>3,Juntos,3,1,otro,otro,reputacion,madre,1,2,False,False,True,True,True,True,True,5,3,3,1,1,4,1,False,False,16,True,False,9,8,7,False,False,False,True,1,False,17,356,16,2,42,771,0,0,1,2,True,test,student-mat.csv,227
240,POR,GP,F,18,Rural,>3,Juntos,3,1,otro,otro,reputacion,madre,1,2,False,False,True,True,True,True,True,5,3,3,1,1,4,0,False,False,4,True,False,8,8,8,False,False,False,True,1,False,10,192,9,3,24,451,0,0,1,2,True,test,student-por.csv,241
241,MAT,GP,F,17,Urbana,>3,Juntos,3,2,otro,otro,oferta,madre,1,2,False,False,True,False,True,True,False,5,3,4,1,3,3,0,False,False,10,True,False,16,15,15,False,False,False,True,0,True,12,176,11,5,43,644,0,0,0,0,False,train,student-mat.csv,228
241,POR,GP,F,17,Urbana,>3,Juntos,3,2,otro,otro,oferta,madre,1,2,False,False,True,False,True,True,False,5,3,4,1,3,3,0,False,False,2,True,False,17,18,17,False,False,False,True,0,True,9,352,9,1,24,848,0,0,0,0,False,train,student-por.csv,242
242,MAT,GP,M,17,Urbana,<=3,Juntos,2,3,servicios,servicios,reputacion,padre,1,2,False,True,False,False,True,True,False,5,3,3,1,3,3,0,False,True,2,True,False,12,11,12,False,False,False,True,0,True,14,306,13,4,34,812,0,0,0,0,False,train,student-mat.csv,229
242,POR,GP,M,17,Urbana,<=3,Juntos,2,3,servicios,servicios,reputacion,padre,1,2,False,True,False,False,True,True,False,5,3,3,1,3,3,0,False,False,0,True,False,10,11,11,False,False,False,True,0,False,20,390,17,2,50,894,0,0,0,0,False,train,student-por.csv,243
243,MAT,GP,M,18,Urbana,<=3,Juntos,2,1,hogar,otro,oferta,madre,4,2,True,True,True,True,True,True,True,4,3,2,4,5,3,0,False,True,14,True,False,10,8,9,False,False,False,True,1,False,5,90,5,1,15,189,0,0,0,0,False,train,student-mat.csv,230
243,POR,GP,M,18,Urbana,<=3,Juntos,2,1,hogar,otro,oferta,madre,4,2,True,True,True,True,True,True,True,4,3,2,4,5,3,0,False,False,2,True,False,9,10,11,False,False,False,True,0,False,22,466,17,9,42,852,0,0,1,2,True,train,student-por.csv,244
244,MAT,GP,F,17,Urbana,>3,Separados,2,1,otro,otro,oferta,madre,2,3,False,False,True,True,True,True,True,3,2,3,1,2,3,0,False,False,10,True,False,12,10,12,False,False,False,True,0,True,2,37,2,0,6,82,0,0,0,0,False,train,student-mat.csv,231
244,POR,GP,F,17,Urbana,>3,Separados,2,1,otro,otro,oferta,madre,2,3,False,False,True,True,True,True,True,3,2,3,1,2,3,0,False,False,0,True,False,15,15,16,False,False,False,True,0,True,4,103,4,1,11,217,0,0,0,0,False,train,student-por.csv,245
245,MAT,GP,F,17,Urbana,<=3,Juntos,4,3,salud,otro,reputacion,padre,1,2,False,False,True,True,True,True,True,3,2,3,1,2,3,0,False,False,14,True,False,13,13,14,False,False,False,True,0,True,27,593,21,8,87,1951,0,0,0,0,False,train,student-mat.csv,232
245,POR,GP,F,17,Urbana,<=3,Juntos,4,3,salud,otro,reputacion,padre,1,2,False,False,True,True,True,True,True,3,2,3,1,2,3,0,False,False,0,True,False,14,12,12,False,False,False,True,0,False,45,947,34,11,106,2410,0,0,0,0,False,train,student-por.csv,246
246,MAT,GP,M,17,Rural,>3,Juntos,2,2,otro,otro,oferta,padre,2,2,False,True,True,True,True,True,False,4,5,2,1,1,1,0,False,True,4,True,False,11,11,11,False,False,False,True,0,False,14,383,13,2,37,719,0,0,0,0,False,train,student-mat.csv,233
246,POR,GP,M,17,Rural,>3,Juntos,2,2,otro,otro,oferta,padre,2,2,False,True,True,True,True,True,False,4,5,2,1,1,1,0,False,False,0,True,False,12,13,13,False,False,False,True,0,True,9,138,8,2,29,700,0,0,0,0,False,train,student-por.csv,247
247,MAT,GP,M,17,Urbana,>3,Juntos,4,4,docente,docente,reputacion,madre,1,2,True,True,True,True,True,True,True,4,5,5,1,3,2,0,False,False,14,True,False,11,9,9,False,False,False,True,1,False,10,151,10,1,24,338,0,0,0,0,False,train,student-mat.csv,234
247,POR,GP,M,17,Urbana,>3,Juntos,4,4,docente,docente,reputacion,madre,1,2,True,True,True,True,True,True,True,4,5,5,1,3,2,0,False,False,0,True,False,13,13,13,False,False,False,True,0,True,16,482,14,4,42,1035,0,0,0,0,False,train,student-por.csv,248
248,MAT,GP,M,16,Urbana,>3,Juntos,4,4,salud,otro,reputacion,padre,1,2,False,True,True,True,True,True,False,4,2,4,2,4,1,0,False,True,2,True,False,14,13,13,False,False,False,True,0,True,73,2321,47,17,180,5482,0,0,0,0,False,train,student-mat.csv,235
248,POR,GP,M,16,Urbana,>3,Juntos,4,4,salud,otro,reputacion,padre,1,2,False,True,True,True,True,True,False,4,2,4,2,4,1,0,False,False,0,True,False,13,13,14,False,False,False,True,0,True,55,1361,36,13,109,2663,0,0,0,0,False,train,student-por.csv,249
249,MAT,GP,M,16,Urbana,<=3,Juntos,1,1,otro,otro,cercania,madre,2,2,False,True,False,True,True,True,False,3,4,2,1,1,5,0,False,True,18,True,False,9,7,6,False,False,False,True,1,False,97,2730,53,20,277,8026,0,0,1,2,True,train,student-mat.csv,236
249,POR,GP,M,16,Urbana,<=3,Juntos,1,1,otro,otro,cercania,madre,2,2,False,True,False,True,True,True,False,3,4,2,1,1,5,0,False,False,2,True,False,9,9,9,False,False,False,True,1,False,73,2237,45,13,190,5119,0,0,1,2,False,train,student-por.csv,250
250,MAT,GP,M,16,Urbana,>3,Juntos,3,2,hogar,otro,reputacion,madre,2,3,False,False,True,True,True,True,True,5,3,3,1,3,2,0,False,False,10,True,False,11,9,10,False,False,False,True,0,False,8,138,8,4,17,258,0,0,0,0,False,test,student-mat.csv,237
250,POR,GP,M,16,Urbana,>3,Juntos,3,2,hogar,otro,reputacion,madre,2,3,False,False,True,True,True,True,True,5,3,3,1,3,2,0,False,False,0,True,False,12,12,12,False,False,False,True,0,False,20,327,16,5,58,929,0,0,0,0,False,test,student-por.csv,251
251,MAT,GP,M,17,Urbana,<=3,Juntos,2,2,otro,otro,cercania,padre,1,2,False,False,True,False,True,True,True,4,4,2,5,5,4,0,False,True,4,True,False,14,13,13,False,False,False,True,0,True,12,205,12,4,37,649,0,0,0,0,False,test,student-mat.csv,238
251,POR,GP,M,17,Urbana,<=3,Juntos,2,2,otro,otro,cercania,padre,1,2,False,False,True,False,True,True,True,4,4,2,5,5,4,0,False,False,0,True,False,16,16,16,False,False,False,True,0,True,13,163,11,2,33,416,0,0,0,0,False,test,student-por.csv,252
252,MAT,GP,F,16,Urbana,>3,Juntos,2,1,otro,otro,cercania,madre,1,1,False,False,False,True,True,True,True,4,5,2,1,1,5,0,False,False,20,True,False,13,12,12,False,False,False,True,0,True,31,1076,26,6,88,2113,0,0,0,0,False,test,student-mat.csv,239
252,POR,GP,F,16,Urbana,>3,Juntos,2,1,otro,otro,cercania,madre,1,1,False,False,False,True,True,True,True,4,5,2,1,1,5,0,False,False,4,True,False,9,10,10,False,False,False,True,0,False,3,23,3,2,16,214,0,0,1,2,True,test,student-por.csv,253
253,POR,GP,F,16,Urbana,>3,Separados,4,1,otro,otro,cercania,madre,1,2,False,False,True,True,True,True,True,5,3,3,1,2,5,0,False,False,0,True,False,14,13,13,False,False,False,False,0,True,14,417,14,6,48,1026,0,0,0,0,False,train,student-por.csv,254
254,POR,GP,F,18,Urbana,<=3,Separados,2,4,servicios,otro,oferta,madre,2,2,False,True,False,True,True,True,False,4,3,3,1,1,3,1,False,False,18,True,False,10,10,10,False,False,False,False,0,False,4,63,4,0,9,123,0,0,0,0,False,train,student-por.csv,255
255,POR,GP,F,18,Urbana,<=3,Juntos,2,2,hogar,servicios,oferta,madre,1,2,False,True,False,False,True,True,True,5,3,1,1,1,5,1,False,False,16,True,False,9,8,10,False,False,False,False,0,False,5,73,5,0,21,342,3,2,0,0,False,train,student-por.csv,256
256,POR,GP,F,18,Urbana,>3,Juntos,3,3,otro,otro,oferta,madre,2,1,False,False,False,True,False,True,False,4,1,1,1,1,3,1,False,False,14,True,False,8,7,7,False,False,False,False,1,False,5,127,5,1,27,442,2,2,1,2,True,train,student-por.csv,257
257,POR,GP,M,18,Urbana,>3,Juntos,2,2,otro,hogar,oferta,otro,1,1,False,True,True,False,False,True,True,4,4,3,2,2,1,1,False,False,26,True,True,7,8,8,False,False,False,False,1,False,4,40,4,1,11,119,7,6,1,3,False,train,student-por.csv,258
258,POR,GP,M,17,Urbana,>3,Juntos,4,4,docente,docente,oferta,madre,1,1,False,True,True,False,True,True,False,4,2,1,1,2,5,0,False,False,6,True,False,10,8,9,False,False,False,False,1,False,2,30,2,0,7,120,0,0,0,0,False,train,student-por.csv,259
259,POR,GP,F,17,Urbana,>3,Juntos,3,2,otro,otro,oferta,padre,1,2,False,False,True,True,True,False,False,5,4,2,1,1,3,0,False,False,4,True,False,14,14,15,False,False,False,False,0,True,4,56,4,0,16,214,0,0,0,0,False,train,student-por.csv,260
260,POR,GP,F,17,Urbana,<=3,Juntos,1,1,hogar,hogar,oferta,madre,1,3,False,True,True,True,True,True,True,4,3,2,1,2,4,0,False,False,10,True,False,11,10,10,False,False,False,False,0,False,23,485,20,4,108,2350,0,0,0,0,False,train,student-por.csv,261
261,POR,GP,F,16,Urbana,>3,Juntos,1,2,otro,otro,oferta,madre,1,1,False,False,False,True,False,True,False,5,3,5,1,2,5,0,False,False,4,True,False,12,11,11,False,False,False,False,0,False,13,240,11,3,45,885,0,0,0,0,False,train,student-por.csv,262
262,MAT,GP,F,17,Rural,>3,Juntos,2,1,hogar,servicios,oferta,madre,3,2,False,False,True,True,True,False,False,2,1,1,1,1,3,0,False,False,2,True,False,13,11,11,False,False,False,True,0,False,4,64,4,0,19,247,0,0,0,0,False,train,student-mat.csv,240
262,POR,GP,F,17,Rural,>3,Juntos,2,1,hogar,servicios,oferta,madre,3,2,False,False,True,True,True,False,False,2,1,1,1,1,3,0,False,False,2,True,False,13,13,13,False,False,False,True,0,True,6,97,6,1,14,192,0,0,0,0,False,train,student-por.csv,263
263,POR,GP,F,17,Rural,<=3,Separados,1,4,otro,otro,oferta,otro,4,1,False,True,False,True,True,True,False,5,5,4,1,1,5,1,False,False,14,True,False,9,9,8,False,False,False,False,1,False,6,75,6,1,14,172,4,4,1,2,True,train,student-por.csv,264
264,MAT,GP,M,18,Urbana,>3,Juntos,2,2,otro,servicios,reputacion,padre,1,2,False,False,False,True,False,True,False,5,5,4,3,5,2,1,False,False,0,False,False,7,7,0,False,False,True,True,1,,3,261,3,1,4,271,0,0,1,3,True,train,student-mat.csv,241
264,POR,GP,M,18,Urbana,>3,Juntos,2,2,otro,servicios,reputacion,padre,1,2,False,False,False,True,False,True,False,5,5,4,3,5,2,0,False,False,16,True,False,8,7,8,False,False,False,True,1,False,8,136,8,3,24,640,1,1,1,2,True,train,student-por.csv,265
265,POR,GP,F,17,Urbana,<=3,Separados,2,2,otro,otro,cercania,madre,1,1,False,True,False,False,False,True,False,3,1,2,1,1,1,1,False,False,8,True,False,11,9,10,False,False,False,False,0,False,2,47,2,1,9,381,0,0,0,0,False,train,student-por.csv,266
266,POR,GP,F,17,Rural,<=3,Juntos,1,1,hogar,otro,oferta,madre,2,3,False,False,True,True,True,True,False,4,3,3,1,3,5,0,False,False,4,True,False,15,14,15,False,False,False,False,0,True,35,883,30,10,87,1929,0,0,0,0,False,train,student-por.csv,267
267,POR,GP,F,17,Urbana,<=3,Separados,4,2,docente,otro,oferta,madre,1,2,False,True,True,True,True,False,False,4,3,2,1,1,4,0,False,False,4,True,False,15,14,14,False,False,False,False,0,True,4,45,4,0,8,117,0,0,0,0,False,test,student-por.csv,268
268,MAT,GP,M,17,Urbana,<=3,Juntos,4,3,salud,otro,oferta,madre,2,2,False,False,True,True,True,True,True,2,5,5,1,4,5,0,False,False,14,True,False,12,12,12,False,False,False,True,0,True,13,301,13,2,35,654,0,0,0,0,False,train,student-mat.csv,242
268,POR,GP,M,17,Urbana,<=3,Juntos,4,3,salud,otro,oferta,madre,2,2,False,False,True,True,True,True,True,2,5,5,1,4,5,0,False,False,8,True,False,15,15,15,False,False,False,True,0,True,12,424,11,3,46,1387,0,0,0,0,False,train,student-por.csv,269
269,MAT,GP,M,17,Rural,<=3,Separados,4,4,docente,otro,oferta,madre,2,2,False,True,False,True,True,True,False,3,3,3,2,3,4,0,False,True,2,True,False,10,11,12,False,False,False,True,0,True,24,345,21,5,63,1168,0,0,0,0,False,train,student-mat.csv,243
269,POR,GP,M,17,Rural,<=3,Separados,4,4,docente,otro,oferta,madre,2,2,False,True,False,True,True,True,False,3,3,3,2,3,4,0,False,False,0,True,False,12,12,12,False,False,False,True,0,False,20,379,19,1,56,1252,0,0,0,0,False,train,student-por.csv,270
270,MAT,GP,M,16,Urbana,<=3,Juntos,4,3,docente,otro,oferta,madre,1,1,False,False,True,False,True,True,False,5,4,5,1,1,3,0,False,False,0,False,False,6,0,0,False,True,True,True,1,,6,87,6,1,9,136,1,1,1,3,False,test,student-mat.csv,244
270,POR,GP,M,16,Urbana,<=3,Juntos,4,3,docente,otro,oferta,madre,1,1,False,False,True,False,True,True,False,5,4,5,1,1,3,0,False,False,7,True,False,14,14,15,False,False,False,True,0,True,13,149,12,3,39,578,0,0,0,0,False,test,student-por.csv,271
271,MAT,GP,M,16,Urbana,>3,Juntos,4,4,servicios,servicios,oferta,madre,1,1,False,False,True,True,True,True,False,5,3,2,1,2,5,0,False,False,0,True,False,13,12,12,False,False,False,True,0,True,2,20,2,1,9,78,0,0,0,0,False,train,student-mat.csv,245
271,POR,GP,M,16,Urbana,>3,Juntos,4,4,servicios,servicios,oferta,madre,1,1,False,False,True,True,True,True,False,5,3,2,1,2,5,0,False,True,4,True,False,14,15,15,False,False,False,True,0,True,10,408,10,5,32,914,0,0,0,0,False,train,student-por.csv,272
272,POR,GP,F,17,Urbana,>3,Juntos,4,4,docente,servicios,oferta,madre,1,2,False,True,False,True,True,True,True,5,3,1,1,4,5,0,False,True,2,True,False,11,11,12,False,False,False,False,0,False,17,354,13,7,47,1195,0,0,0,0,False,train,student-por.csv,273
273,POR,GP,M,17,Rural,>3,Juntos,1,1,otro,otro,cercania,padre,2,3,False,False,False,False,True,True,True,4,3,3,1,1,1,0,False,False,2,True,False,13,14,15,False,False,False,False,0,True,11,167,10,7,25,353,0,0,0,0,False,train,student-por.csv,274
274,POR,GP,F,17,Urbana,>3,Juntos,3,3,servicios,otro,cercania,madre,2,3,False,True,False,True,True,True,True,4,2,2,2,3,5,0,False,False,10,True,False,11,11,11,False,False,False,False,0,False,43,1073,30,15,131,3274,0,0,0,0,False,train,student-por.csv,275
275,POR,GP,F,17,Urbana,>3,Juntos,1,1,hogar,otro,oferta,madre,1,2,True,False,False,False,True,False,True,4,3,2,1,1,4,0,False,False,10,True,False,10,9,10,False,False,False,False,0,False,29,651,24,6,63,1299,0,0,0,0,False,test,student-por.csv,276
276,MAT,GP,F,18,Urbana,>3,Juntos,2,1,otro,otro,oferta,otro,2,3,False,True,False,False,True,True,True,4,4,4,1,1,3,0,False,True,0,False,False,7,0,0,False,True,True,True,1,,41,844,30,7,118,2483,0,0,0,0,False,train,student-mat.csv,246
276,POR,GP,F,18,Urbana,>3,Juntos,2,1,otro,otro,oferta,otro,2,3,False,True,False,False,True,True,True,4,4,4,1,1,3,0,False,False,10,True,False,12,10,11,False,False,False,True,0,False,15,224,14,2,63,1361,0,0,0,0,False,train,student-por.csv,277
277,MAT,GP,M,16,Urbana,>3,Juntos,2,1,otro,otro,oferta,madre,3,1,False,False,False,True,True,True,False,4,3,3,1,1,4,0,False,False,6,True,False,18,18,18,False,False,False,True,0,True,24,423,21,6,56,993,0,0,0,0,False,test,student-mat.csv,247
277,POR,GP,M,16,Urbana,>3,Juntos,2,1,otro,otro,oferta,madre,3,1,False,False,False,True,True,True,False,4,3,3,1,1,4,0,False,False,7,True,False,15,16,16,False,False,False,True,0,True,14,445,11,2,36,914,0,0,0,0,False,test,student-por.csv,278
278,POR,GP,F,17,Urbana,>3,Juntos,1,1,otro,servicios,oferta,padre,1,2,False,True,False,True,True,False,False,4,3,4,1,2,5,0,False,False,4,True,False,11,10,11,False,False,False,False,0,False,3,33,2,1,13,210,0,0,0,0,False,train,student-por.csv,279
279,MAT,GP,M,17,Urbana,>3,Juntos,2,3,otro,otro,oferta,padre,2,1,False,False,False,True,True,True,False,5,2,2,1,1,2,0,False,False,4,True,False,12,12,13,False,False,False,True,0,True,29,617,26,6,83,1942,0,0,0,0,False,test,student-mat.csv,248
279,POR,GP,M,17,Urbana,>3,Juntos,2,3,otro,otro,oferta,padre,2,1,False,False,False,True,True,True,False,5,2,2,1,1,2,0,False,False,2,True,False,9,12,13,False,False,False,True,0,True,58,1423,38,12,152,3738,1,0,0,0,False,test,student-por.csv,280
280,MAT,GP,M,22,Urbana,>3,Juntos,3,1,servicios,servicios,otro,madre,1,1,False,False,False,False,False,True,True,5,4,5,5,5,1,3,True,False,16,True,False,6,8,8,False,False,False,True,1,False,8,149,8,0,23,439,2,2,1,3,False,train,student-mat.csv,249
280,POR,GP,M,22,Urbana,>3,Juntos,3,1,servicios,servicios,otro,madre,1,1,False,False,False,False,False,True,True,5,4,5,5,5,1,3,True,False,12,True,False,7,8,5,False,False,False,True,1,False,1,8,1,0,6,68,3,2,1,3,True,train,student-por.csv,281
281,MAT,GP,M,18,Rural,<=3,Juntos,3,3,otro,servicios,oferta,madre,1,2,False,True,False,True,True,True,True,4,3,3,1,3,5,1,False,False,8,True,False,3,5,5,False,False,False,True,1,False,10,152,10,2,28,384,0,0,0,0,False,train,student-mat.csv,250
281,POR,GP,M,18,Rural,<=3,Juntos,3,3,otro,servicios,oferta,madre,1,2,False,True,False,True,True,True,True,4,3,3,1,3,5,0,False,False,8,True,False,10,9,10,False,False,False,True,0,False,45,1074,36,10,111,3063,0,0,0,0,False,train,student-por.csv,282
282,MAT,GP,M,16,Urbana,>3,Juntos,0,2,otro,otro,otro,madre,1,1,False,False,False,False,True,True,False,4,3,2,2,4,5,0,False,True,0,True,False,13,15,15,False,False,False,True,0,True,1,6,1,0,3,14,0,0,0,0,False,test,student-mat.csv,251
282,POR,GP,M,16,Urbana,>3,Juntos,0,2,otro,otro,otro,madre,1,1,False,False,False,False,True,True,False,4,3,2,2,4,5,0,False,False,0,True,False,11,12,11,False,False,False,True,0,False,2,16,2,2,9,116,0,0,0,0,False,test,student-por.csv,283
283,MAT,GP,M,18,Urbana,>3,Juntos,3,2,servicios,otro,oferta,madre,2,1,False,False,False,True,False,True,False,4,4,5,2,4,5,1,False,False,0,True,False,6,8,8,False,False,False,True,1,False,10,216,9,3,23,448,2,2,1,3,True,train,student-mat.csv,252
283,POR,GP,M,18,Urbana,>3,Juntos,3,2,servicios,otro,oferta,madre,2,1,False,False,False,True,False,True,False,4,4,5,2,4,5,0,False,False,8,True,False,7,8,7,False,False,False,True,1,False,18,437,15,7,50,1108,1,0,1,3,True,train,student-por.csv,284
284,MAT,GP,M,16,Urbana,>3,Juntos,3,3,hogar,otro,reputacion,otro,3,2,True,True,False,False,True,True,False,5,3,3,1,3,2,0,False,False,6,True,False,7,10,10,False,False,False,True,0,False,15,376,15,3,39,769,3,2,0,0,False,train,student-mat.csv,253
284,POR,GP,M,16,Urbana,>3,Juntos,3,3,hogar,otro,reputacion,otro,3,2,True,True,False,False,True,True,False,5,3,3,1,3,2,1,False,False,4,True,False,9,11,10,False,False,False,True,0,False,8,113,8,2,24,337,1,1,1,2,True,train,student-por.csv,285
285,MAT,GP,M,18,Urbana,>3,Juntos,2,1,servicios,servicios,otro,madre,1,1,False,False,False,False,False,True,False,3,2,5,2,5,5,1,False,False,4,True,False,6,9,8,False,False,False,True,1,False,2,8,2,1,11,135,4,3,1,3,False,train,student-mat.csv,254
285,POR,GP,M,18,Urbana,>3,Juntos,2,1,servicios,servicios,otro,madre,1,1,False,False,False,False,False,True,False,3,2,5,2,5,5,2,False,False,4,True,False,7,8,6,False,False,False,True,1,False,2,20,2,2,6,70,2,2,1,3,True,train,student-por.csv,286
286,MAT,GP,M,16,Rural,>3,Juntos,2,1,otro,otro,oferta,madre,2,1,False,False,True,False,True,False,False,3,3,2,1,3,3,0,False,False,0,True,False,8,9,8,False,False,False,True,1,False,1,12,1,0,9,157,0,0,1,2,True,train,student-mat.csv,255
286,POR,GP,M,16,Rural,>3,Juntos,2,1,otro,otro,oferta,madre,2,1,False,False,True,False,True,False,False,3,3,2,1,3,3,0,False,False,2,True,False,14,13,12,False,False,False,True,0,False,16,236,13,5,40,683,0,0,0,0,False,train,student-por.csv,287
287,MAT,GP,M,17,Rural,>3,Juntos,2,1,otro,otro,oferta,madre,1,1,False,False,False,False,True,True,False,4,4,2,2,4,5,0,False,False,0,True,False,8,12,12,False,False,False,True,0,True,18,313,17,4,41,801,1,1,0,0,False,train,student-mat.csv,256
287,POR,GP,M,17,Rural,>3,Juntos,2,1,otro,otro,oferta,madre,1,1,False,False,False,False,True,True,False,4,4,2,2,4,5,0,False,False,0,True,False,12,12,13,False,False,False,True,0,True,6,153,6,1,42,860,0,0,0,0,False,train,student-por.csv,288
288,MAT,GP,M,17,Urbana,<=3,Juntos,1,1,salud,otro,oferta,madre,2,1,False,True,True,True,True,True,False,4,4,4,1,2,5,1,False,False,2,True,False,7,9,8,False,False,False,True,1,False,9,85,8,1,23,353,6,4,1,3,True,train,student-mat.csv,257
288,POR,GP,M,17,Urbana,<=3,Juntos,1,1,salud,otro,oferta,madre,2,1,False,True,True,True,True,True,False,4,4,4,1,2,5,1,False,False,0,True,False,9,10,10,False,False,False,True,0,False,14,220,12,1,28,391,3,2,1,2,True,train,student-por.csv,289
289,POR,GP,F,18,Urbana,<=3,Separados,2,1,otro,otro,oferta,madre,1,2,False,True,False,False,True,True,True,4,3,4,1,3,5,0,False,False,2,True,False,12,12,13,False,False,False,False,0,True,10,210,10,3,24,469,0,0,0,0,False,train,student-por.csv,290
290,MAT,GP,F,17,Urbana,<=3,Juntos,4,2,docente,servicios,reputacion,madre,1,4,False,True,True,True,True,True,False,4,2,3,1,1,4,0,False,True,6,True,False,14,12,13,False,False,False,True,0,True,11,180,9,1,20,291,0,0,0,0,False,test,student-mat.csv,258
290,POR,GP,F,17,Urbana,<=3,Juntos,4,2,docente,servicios,reputacion,madre,1,4,False,True,True,True,True,True,False,4,2,3,1,1,4,0,False,False,2,True,False,14,15,17,False,False,False,True,0,True,14,266,14,0,39,745,0,0,0,0,False,test,student-por.csv,291
291,POR,GP,F,19,Urbana,>3,Juntos,2,2,servicios,servicios,cercania,madre,1,2,False,True,False,True,True,True,False,4,3,3,1,1,5,0,False,False,0,True,False,10,10,11,False,False,False,False,0,False,7,70,7,3,19,233,0,0,0,0,False,train,student-por.csv,292
292,POR,GP,M,18,Urbana,<=3,Juntos,2,1,servicios,otro,oferta,madre,3,2,False,False,True,False,False,True,False,4,4,5,4,4,5,1,False,False,4,True,False,11,10,11,False,False,False,False,0,False,4,68,4,1,8,98,0,0,1,1,True,train,student-por.csv,293
293,POR,GP,F,17,Rural,>3,Juntos,4,2,otro,otro,oferta,madre,1,3,False,True,True,True,True,True,False,4,3,4,1,3,5,0,False,False,2,True,False,11,12,14,False,False,False,False,0,True,33,899,27,5,81,1784,0,0,0,0,False,train,student-por.csv,294
294,POR,GP,F,18,Urbana,<=3,Juntos,1,1,otro,hogar,cercania,madre,1,3,False,True,False,False,True,False,False,4,4,3,2,3,3,0,False,False,4,True,False,11,12,14,False,False,False,False,0,True,5,69,5,0,18,257,0,0,0,0,False,train,student-por.csv,295
295,POR,GP,F,18,Rural,>3,Juntos,2,2,otro,otro,cercania,madre,1,2,True,False,False,True,True,False,False,3,2,3,1,1,5,0,False,False,4,True,False,11,11,13,False,False,False,False,0,True,6,159,6,2,21,472,0,0,0,0,False,train,student-por.csv,296
296,MAT,GP,M,19,Urbana,<=3,Separados,4,3,servicios,hogar,reputacion,madre,1,2,False,True,False,True,True,True,False,4,3,1,1,1,1,0,False,False,12,True,False,11,11,11,False,False,False,True,0,False,33,607,24,7,94,1793,0,0,0,0,False,test,student-mat.csv,259
296,POR,GP,M,19,Urbana,<=3,Separados,4,3,servicios,hogar,reputacion,madre,1,2,False,True,False,True,True,True,False,4,3,1,1,1,1,0,False,False,4,True,False,11,13,14,False,False,False,True,0,True,26,917,22,6,58,1496,0,0,0,0,False,test,student-por.csv,297
297,MAT,GP,M,18,Urbana,>3,Juntos,2,1,otro,otro,cercania,madre,1,2,False,False,True,True,True,True,False,5,2,4,1,2,4,0,False,False,8,True,False,15,14,14,False,False,False,True,0,True,18,326,17,4,64,1321,0,0,0,0,False,train,student-mat.csv,260
297,POR,GP,M,18,Urbana,>3,Juntos,2,1,otro,otro,cercania,madre,1,2,False,False,True,True,True,True,False,5,2,4,1,2,4,0,False,False,2,True,False,16,16,16,False,False,False,True,0,True,15,450,14,3,38,1039,0,0,0,0,False,train,student-por.csv,298
298,POR,GP,M,17,Rural,>3,Juntos,2,2,otro,servicios,otro,madre,2,1,False,False,False,False,False,False,False,5,2,2,1,1,4,0,False,False,0,True,False,9,10,10,False,False,False,False,0,False,6,68,6,1,19,279,2,0,1,2,True,train,student-por.csv,299
299,MAT,GP,F,17,Urbana,<=3,Juntos,2,2,servicios,servicios,oferta,padre,1,4,False,False,True,True,True,True,True,3,4,1,1,1,2,0,False,True,0,False,False,10,9,0,False,False,True,True,1,,21,625,18,2,53,1463,0,0,0,0,False,train,student-mat.csv,261
299,POR,GP,F,17,Urbana,<=3,Juntos,2,2,servicios,servicios,oferta,padre,1,4,False,False,True,True,True,True,True,3,4,1,1,1,2,0,False,False,2,True,False,10,11,12,False,False,False,True,0,False,12,188,11,3,34,517,0,0,0,0,False,train,student-por.csv,300
300,POR,GP,F,20,Rural,>3,Juntos,2,1,otro,otro,oferta,otro,2,2,False,True,True,True,False,True,True,1,2,3,1,2,2,0,False,True,8,True,False,10,12,12,False,False,False,False,0,False,18,328,16,4,48,828,0,0,1,1,True,train,student-por.csv,301
301,MAT,GP,F,18,Urbana,>3,Juntos,4,3,servicios,otro,cercania,padre,1,2,False,True,False,True,True,True,True,3,1,2,1,3,2,0,False,True,21,True,False,17,18,18,False,False,False,True,0,True,38,796,26,10,118,2710,0,0,0,0,False,train,student-mat.csv,262
301,POR,GP,F,18,Urbana,>3,Juntos,4,3,servicios,otro,cercania,padre,1,2,False,True,False,True,True,True,True,3,1,2,1,3,2,0,False,False,2,True,False,15,15,15,False,False,False,True,0,True,29,819,23,10,69,1661,0,0,0,0,False,train,student-por.csv,302
302,MAT,GP,M,18,Urbana,>3,Juntos,4,3,docente,otro,oferta,madre,1,2,False,True,False,False,True,True,False,4,3,2,1,1,3,0,False,True,2,True,False,8,8,8,False,False,False,True,1,False,3,32,3,1,10,145,2,2,0,0,False,test,student-mat.csv,263
302,POR,GP,M,18,Urbana,>3,Juntos,4,3,docente,otro,oferta,madre,1,2,False,True,False,False,True,True,False,4,3,2,1,1,3,0,False,False,2,True,False,10,10,11,False,False,False,True,0,False,1,16,1,0,12,440,0,0,0,0,False,test,student-por.csv,303
303,MAT,GP,M,18,Rural,>3,Juntos,3,2,otro,otro,oferta,madre,1,3,False,False,True,False,True,False,False,5,3,2,1,1,3,0,False,False,1,True,False,13,12,12,False,False,False,True,0,True,33,705,25,9,78,1863,0,0,0,0,False,train,student-mat.csv,264
303,POR,GP,M,18,Rural,>3,Juntos,3,2,otro,otro,oferta,madre,1,3,False,False,True,False,True,False,False,5,3,2,1,1,3,0,False,False,2,True,False,10,11,12,False,False,False,True,0,False,29,589,25,4,71,1402,0,0,0,0,False,train,student-por.csv,304
304,MAT,GP,F,17,Urbana,>3,Juntos,3,3,otro,otro,cercania,madre,1,3,False,False,True,False,True,False,False,3,2,3,1,1,4,0,False,False,4,True,False,10,9,9,False,False,False,True,1,False,8,149,8,3,16,551,0,0,0,0,False,test,student-mat.csv,265
304,POR,GP,F,17,Urbana,>3,Juntos,3,3,otro,otro,cercania,madre,1,3,False,False,True,False,True,False,False,3,2,3,1,1,4,0,False,False,2,True,False,15,12,13,False,False,False,True,0,True,6,105,5,3,18,371,0,0,0,0,False,test,student-por.csv,305
305,MAT,GP,F,18,Urbana,>3,Juntos,2,2,hogar,servicios,cercania,madre,1,3,False,True,True,True,True,True,True,4,3,3,1,1,3,0,False,True,0,False,False,9,10,0,False,False,True,True,1,,29,605,25,7,78,1921,1,1,1,2,True,train,student-mat.csv,266
305,POR,GP,F,18,Urbana,>3,Juntos,2,2,hogar,servicios,cercania,madre,1,3,False,True,True,True,True,True,True,4,3,3,1,1,3,0,False,False,0,True,False,11,12,13,False,False,False,True,0,True,29,674,26,10,77,1702,0,0,0,0,False,train,student-por.csv,306
306,POR,GP,M,17,Urbana,>3,Juntos,2,2,otro,otro,cercania,padre,2,1,False,False,False,True,False,True,False,4,4,4,2,3,4,0,False,False,8,True,False,8,8,9,False,False,False,False,1,False,7,128,7,2,22,415,2,1,1,2,True,train,student-por.csv,307
307,MAT,GP,M,18,Rural,<=3,Separados,3,4,otro,otro,reputacion,madre,2,2,False,True,True,True,True,True,False,4,2,5,3,4,1,0,False,True,13,True,False,17,17,17,False,False,False,True,0,True,33,643,27,6,84,1682,2,1,0,0,False,train,student-mat.csv,267
307,POR,GP,M,18,Rural,<=3,Separados,3,4,otro,otro,reputacion,madre,2,2,False,True,True,True,True,True,False,4,2,5,3,4,1,0,False,False,6,True,False,15,16,16,False,False,False,True,0,True,6,68,6,1,16,216,0,0,0,0,False,train,student-por.csv,308
308,MAT,GP,M,17,Urbana,>3,Juntos,3,1,servicios,otro,otro,madre,1,2,False,False,True,True,True,True,True,5,4,4,3,4,5,0,False,True,2,True,False,9,9,10,False,False,False,True,0,False,76,1910,49,22,206,5269,3,3,1,2,True,train,student-mat.csv,268
308,POR,GP,M,17,Urbana,>3,Juntos,3,1,servicios,otro,otro,madre,1,2,False,False,True,True,True,True,True,5,4,4,3,4,5,0,False,False,0,True,False,11,11,14,False,False,False,True,0,True,19,337,14,4,55,1363,0,0,0,0,False,train,student-por.csv,309
309,MAT,GP,F,18,Rural,>3,Juntos,4,4,docente,otro,reputacion,madre,2,2,False,False,True,True,True,True,False,4,3,4,2,2,4,0,False,True,8,True,False,12,10,11,False,False,False,True,0,False,44,968,32,14,101,2188,0,0,0,0,False,train,student-mat.csv,269
309,POR,GP,F,18,Rural,>3,Juntos,4,4,docente,otro,reputacion,madre,2,2,False,False,True,True,True,True,False,4,3,4,2,2,4,0,False,False,8,True,False,10,11,12,False,False,False,True,0,False,22,463,19,6,60,1314,0,0,0,0,False,train,student-por.csv,310
310,MAT,GP,M,18,Urbana,>3,Juntos,4,2,salud,otro,reputacion,padre,1,2,False,True,True,True,True,True,True,5,4,5,1,3,5,0,False,True,10,True,False,10,9,10,False,False,False,True,0,False,25,515,21,4,81,1633,0,0,0,0,False,train,student-mat.csv,270
310,POR,GP,M,18,Urbana,>3,Juntos,4,2,salud,otro,reputacion,padre,1,2,False,True,True,True,True,True,True,5,4,5,1,3,5,0,False,False,4,True,False,10,12,14,False,False,False,True,0,True,15,188,12,4,36,634,0,0,0,0,False,train,student-por.csv,311
311,MAT,GP,F,18,Rural,>3,Juntos,2,1,otro,otro,reputacion,madre,2,2,False,True,False,True,False,True,True,4,3,5,1,2,3,0,False,False,0,False,False,6,0,0,False,True,True,True,1,,20,417,17,6,59,1129,2,2,0,0,False,test,student-mat.csv,271
311,POR,GP,F,18,Rural,>3,Juntos,2,1,otro,otro,reputacion,madre,2,2,False,True,False,True,False,True,True,4,3,5,1,2,3,0,False,False,12,True,False,8,9,10,False,False,False,True,0,False,10,193,10,3,22,449,0,0,1,2,True,test,student-por.csv,312
312,MAT,GP,F,19,Urbana,>3,Juntos,3,3,otro,servicios,cercania,otro,1,2,False,True,True,True,True,True,False,4,3,5,3,3,5,2,False,True,15,True,False,9,9,9,False,False,False,True,1,False,16,270,15,5,50,862,2,2,1,2,False,test,student-mat.csv,272
312,POR,GP,F,19,Urbana,>3,Juntos,3,3,otro,servicios,cercania,otro,1,2,False,True,True,True,True,True,False,4,3,5,3,3,5,0,False,False,16,True,False,11,12,12,False,False,False,True,0,False,44,1058,33,12,98,2496,2,2,0,0,False,test,student-por.csv,313
313,MAT,GP,F,18,Urbana,>3,Juntos,2,3,otro,servicios,reputacion,padre,1,4,False,True,True,True,True,True,True,4,5,5,1,3,2,0,False,True,4,True,False,15,14,14,False,False,False,True,0,True,45,1064,32,9,117,2830,0,0,0,0,False,train,student-mat.csv,273
313,POR,GP,F,18,Urbana,>3,Juntos,2,3,otro,servicios,reputacion,padre,1,4,False,True,True,True,True,True,True,4,5,5,1,3,2,0,False,False,10,True,False,16,16,16,False,False,False,True,0,True,66,1748,42,16,209,5515,0,0,0,0,False,train,student-por.csv,314
314,MAT,GP,F,18,Urbana,<=3,Juntos,1,1,otro,otro,cercania,madre,2,2,False,True,False,False,True,False,False,4,4,3,1,1,3,0,False,True,2,True,False,11,11,11,False,False,False,True,0,False,10,142,9,3,21,315,0,0,0,0,False,train,student-mat.csv,274
314,POR,GP,F,18,Urbana,<=3,Juntos,1,1,otro,otro,cercania,madre,2,2,False,True,False,False,True,False,False,4,4,3,1,1,3,0,False,False,2,True,False,13,13,13,False,False,False,True,0,True,10,175,9,1,23,372,0,0,0,0,False,train,student-por.csv,315
315,MAT,GP,M,17,Rural,>3,Juntos,1,2,hogar,hogar,cercania,madre,1,2,False,True,True,False,True,False,True,3,5,2,2,2,1,0,False,True,2,True,False,15,14,14,False,False,False,True,0,True,27,546,21,4,69,1411,0,0,0,0,False,train,student-mat.csv,275
315,POR,GP,M,17,Rural,>3,Juntos,1,2,hogar,hogar,cercania,madre,1,2,False,True,True,False,True,False,True,3,5,2,2,2,1,0,False,False,2,True,False,16,17,18,False,False,False,True,0,True,18,241,16,4,42,692,0,0,0,0,False,train,student-por.csv,316
316,POR,GP,F,18,Urbana,>3,Juntos,2,1,otro,otro,cercania,madre,1,2,False,True,False,True,True,True,True,4,2,5,1,2,1,0,False,False,8,True,False,14,14,15,False,False,False,False,0,True,27,503,21,6,88,2093,0,0,0,0,False,train,student-por.csv,317
317,MAT,GP,F,17,Urbana,>3,Juntos,2,4,hogar,salud,reputacion,madre,2,2,False,True,False,True,True,True,True,4,3,3,1,1,1,0,False,True,2,True,False,10,10,10,False,False,False,True,0,False,12,189,10,3,33,698,0,0,0,0,False,test,student-mat.csv,276
317,POR,GP,F,17,Urbana,>3,Juntos,2,4,hogar,salud,reputacion,madre,2,2,False,True,False,True,True,True,True,4,3,3,1,1,1,0,False,False,6,True,False,15,16,16,False,False,False,True,0,True,29,685,22,5,65,1531,0,0,0,0,False,test,student-por.csv,318
318,MAT,GP,F,17,Urbana,<=3,Juntos,2,2,servicios,otro,oferta,madre,2,2,True,True,False,True,True,True,True,4,4,4,2,3,5,0,False,True,6,True,False,12,12,12,False,False,False,True,0,True,10,213,9,2,39,643,0,0,0,0,False,train,student-mat.csv,277
318,POR,GP,F,17,Urbana,<=3,Juntos,2,2,servicios,otro,oferta,madre,2,2,True,True,False,True,True,True,True,4,4,4,2,3,5,0,False,False,6,True,False,12,12,12,False,False,False,True,0,False,13,306,12,3,34,617,0,0,0,0,False,train,student-por.csv,319
319,MAT,GP,F,18,Rural,>3,Separados,3,2,otro,servicios,cercania,madre,2,2,False,False,False,False,False,True,True,4,1,1,1,1,5,0,False,False,75,True,True,10,9,9,False,False,False,True,1,False,28,563,20,5,59,1083,0,0,0,0,False,train,student-mat.csv,278
319,POR,GP,F,18,Rural,>3,Separados,3,2,otro,servicios,cercania,madre,2,2,False,False,False,False,False,True,True,4,1,1,1,1,5,0,False,False,15,True,False,12,9,10,False,False,False,True,0,False,15,263,11,5,45,925,0,0,0,0,False,train,student-por.csv,320
320,MAT,GP,M,18,Urbana,>3,Juntos,4,4,docente,servicios,cercania,madre,2,1,False,False,True,True,True,True,False,3,2,4,1,4,3,0,False,True,22,True,False,9,9,9,False,False,False,True,1,False,8,119,8,2,17,229,0,0,0,0,False,train,student-mat.csv,279
320,POR,GP,M,18,Urbana,>3,Juntos,4,4,docente,servicios,cercania,madre,2,1,False,False,True,True,True,True,False,3,2,4,1,4,3,0,False,False,6,True,False,11,12,12,False,False,False,True,0,False,6,57,6,3,11,373,0,0,0,0,False,train,student-por.csv,321
321,MAT,GP,F,18,Urbana,>3,Juntos,4,4,salud,salud,reputacion,padre,1,2,True,True,True,True,True,True,True,2,4,4,1,1,4,1,False,False,15,True,False,9,8,8,False,False,False,True,1,False,23,732,20,6,59,1655,2,2,1,2,False,train,student-mat.csv,280
321,POR,GP,F,18,Urbana,>3,Juntos,4,4,salud,salud,reputacion,padre,1,2,True,True,True,True,True,True,True,2,4,4,1,1,4,1,False,False,2,True,False,14,12,13,False,False,False,True,0,True,26,421,19,8,64,1119,0,0,0,0,False,train,student-por.csv,322
322,POR,GP,F,17,Urbana,>3,Juntos,2,2,otro,servicios,reputacion,padre,3,3,False,True,False,True,True,True,True,4,2,3,1,1,1,0,False,False,8,True,False,13,15,15,False,False,False,False,0,True,27,758,23,7,63,1500,0,0,0,0,False,train,student-por.csv,323
323,POR,GP,F,19,Rural,>3,Juntos,3,2,servicios,servicios,reputacion,padre,1,2,True,True,False,True,False,True,False,3,3,3,4,3,3,1,False,False,0,True,False,9,8,10,False,False,False,False,0,False,40,794,29,6,99,2055,5,4,1,2,False,test,student-por.csv,324
324,MAT,GP,M,18,Urbana,<=3,Juntos,4,3,docente,servicios,oferta,madre,2,1,False,False,True,True,True,True,False,4,2,3,1,2,1,0,False,True,8,True,False,10,11,10,False,False,False,True,0,False,45,1130,30,11,92,2541,0,0,0,0,False,train,student-mat.csv,281
324,POR,GP,M,18,Urbana,<=3,Juntos,4,3,docente,servicios,oferta,madre,2,1,False,False,True,True,True,True,False,4,2,3,1,2,1,0,False,False,0,True,False,10,10,10,False,False,False,True,0,False,14,278,14,4,37,676,0,0,0,0,False,train,student-por.csv,325
325,POR,GP,M,18,Urbana,>3,Juntos,1,2,hogar,otro,cercania,otro,2,1,False,False,False,False,False,True,False,3,4,4,2,4,4,0,False,False,10,True,False,10,10,11,False,False,False,False,0,False,23,602,20,6,69,1455,0,0,0,0,False,train,student-por.csv,326
326,MAT,GP,M,17,Urbana,<=3,Separados,4,1,servicios,otro,cercania,madre,2,1,False,False,True,True,True,True,True,4,5,4,2,4,5,0,False,True,30,True,False,8,8,8,False,False,False,True,1,False,18,282,16,1,37,583,0,0,0,0,False,train,student-mat.csv,282
326,POR,GP,M,17,Urbana,<=3,Separados,4,1,servicios,otro,cercania,madre,2,1,False,False,True,True,True,True,True,4,5,4,2,4,5,0,False,False,22,True,False,11,11,10,False,False,False,True,0,False,9,210,8,4,38,735,0,0,0,0,False,train,student-por.csv,327
327,MAT,GP,M,17,Urbana,<=3,Separados,3,2,docente,servicios,cercania,madre,1,1,False,False,False,True,True,True,False,4,4,4,3,4,3,1,False,False,19,True,False,11,9,10,False,False,False,True,0,False,3,43,3,1,6,61,0,0,1,1,True,train,student-mat.csv,283
327,POR,GP,M,17,Urbana,<=3,Separados,3,2,docente,servicios,cercania,madre,1,1,False,False,False,True,True,True,False,4,4,4,3,4,3,0,False,False,18,True,False,13,13,13,False,False,False,True,0,True,7,77,6,1,20,325,0,0,0,0,False,train,student-por.csv,328
328,MAT,GP,F,18,Rural,<=3,Juntos,1,1,hogar,otro,reputacion,madre,2,4,False,True,True,True,True,False,False,5,2,2,1,1,3,0,False,True,1,True,False,12,12,12,False,False,False,True,0,True,23,524,18,5,65,1364,0,0,0,0,False,train,student-mat.csv,284
328,POR,GP,F,18,Rural,<=3,Juntos,1,1,hogar,otro,reputacion,madre,2,4,False,True,True,True,True,False,False,5,2,2,1,1,3,0,False,False,2,True,False,17,17,18,False,False,False,True,0,True,18,385,17,7,41,780,1,1,0,0,False,train,student-por.csv,329
329,MAT,GP,F,18,Urbana,>3,Juntos,1,1,otro,otro,cercania,madre,2,2,True,False,True,True,True,True,False,5,4,4,1,1,4,0,False,False,4,True,False,8,9,10,False,False,False,True,0,False,16,347,13,3,42,1166,0,0,0,0,False,test,student-mat.csv,285
329,POR,GP,F,18,Urbana,>3,Juntos,1,1,otro,otro,cercania,madre,2,2,True,False,True,True,True,True,False,5,4,4,1,1,4,0,False,False,0,True,False,12,13,13,False,False,False,True,0,True,4,40,4,1,12,126,0,0,0,0,False,test,student-por.csv,330
330,MAT,GP,F,17,Urbana,>3,Juntos,2,2,otro,otro,oferta,madre,1,2,False,True,False,False,True,True,False,5,4,5,1,2,5,0,False,False,4,True,False,10,9,11,False,False,False,True,0,False,8,97,7,1,16,238,0,0,0,0,False,train,student-mat.csv,286
330,POR,GP,F,17,Urbana,>3,Juntos,2,2,otro,otro,oferta,madre,1,2,False,True,False,False,True,True,False,5,4,5,1,2,5,0,False,False,12,True,False,12,12,14,False,False,False,True,0,True,20,422,17,6,53,1029,0,0,0,0,False,train,student-por.csv,331
331,POR,GP,F,18,Urbana,>3,Juntos,2,1,otro,otro,reputacion,madre,2,2,False,False,True,True,True,True,True,4,3,1,1,1,5,0,False,False,10,True,False,12,13,14,False,False,False,False,0,True,43,881,35,8,100,2103,0,0,0,0,False,train,student-por.csv,332
332,MAT,GP,M,17,Urbana,>3,Juntos,1,1,otro,otro,reputacion,padre,1,2,False,False,False,False,True,True,False,4,3,3,1,2,4,0,False,True,2,True,False,12,10,11,False,False,False,True,0,False,25,582,22,4,56,1183,0,0,0,0,False,train,student-mat.csv,287
332,POR,GP,M,17,Urbana,>3,Juntos,1,1,otro,otro,reputacion,padre,1,2,False,False,False,False,True,True,False,4,3,3,1,2,4,0,False,False,0,True,False,12,12,12,False,False,False,True,0,False,12,172,10,4,34,539,0,0,0,0,False,train,student-por.csv,333
333,MAT,GP,F,18,Urbana,>3,Juntos,2,2,hogar,hogar,otro,madre,1,3,False,True,False,True,True,True,False,4,3,3,1,2,2,0,False,True,5,True,False,18,18,19,False,False,False,True,0,True,17,358,13,3,29,578,0,0,0,0,False,test,student-mat.csv,288
333,POR,GP,F,18,Urbana,>3,Juntos,2,2,hogar,hogar,otro,madre,1,3,False,True,False,True,True,True,False,4,3,3,1,2,2,0,False,False,0,True,False,18,18,18,False,False,False,True,0,True,38,976,30,11,99,2275,0,0,0,0,False,test,student-por.csv,334
334,MAT,GP,F,17,Urbana,>3,Juntos,1,1,servicios,docente,reputacion,madre,1,3,False,True,False,True,True,True,False,4,3,3,1,1,3,0,False,True,6,True,False,13,12,12,False,False,False,True,0,True,15,351,13,2,34,682,0,0,0,0,False,train,student-mat.csv,289
334,POR,GP,F,17,Urbana,>3,Juntos,1,1,servicios,docente,reputacion,madre,1,3,False,True,False,True,True,True,False,4,3,3,1,1,3,0,False,False,0,True,False,13,13,14,False,False,False,True,0,True,17,319,17,3,40,747,0,0,0,0,False,train,student-por.csv,335
335,MAT,GP,M,18,Urbana,>3,Juntos,2,1,servicios,servicios,reputacion,madre,1,3,False,False,True,True,True,True,False,4,2,4,1,3,2,0,False,True,6,True,False,15,14,14,False,False,False,True,0,True,15,343,14,1,46,939,0,0,0,0,False,train,student-mat.csv,290
335,POR,GP,M,18,Urbana,>3,Juntos,2,1,servicios,servicios,reputacion,madre,1,3,False,False,True,True,True,True,False,4,2,4,1,3,2,0,False,False,0,True,False,14,15,15,False,False,False,True,0,True,13,240,11,2,42,881,0,0,0,0,False,train,student-por.csv,336
336,MAT,GP,M,18,Urbana,<=3,Separados,4,4,docente,docente,reputacion,madre,1,2,False,True,True,True,True,True,False,5,4,3,1,1,2,0,False,True,9,True,False,15,13,15,False,False,False,True,0,True,4,78,4,0,8,125,0,0,0,0,False,train,student-mat.csv,291
336,POR,GP,M,18,Urbana,<=3,Separados,4,4,docente,docente,reputacion,madre,1,2,False,True,True,True,True,True,False,5,4,3,1,1,2,0,False,False,0,True,False,17,17,17,False,False,False,True,0,True,15,247,15,5,34,652,0,0,0,0,False,train,student-por.csv,337
337,MAT,GP,M,18,Urbana,>3,Juntos,4,2,docente,otro,cercania,madre,1,2,False,True,True,True,True,True,True,4,3,2,1,4,5,0,False,True,11,True,False,12,11,11,False,False,False,True,0,False,16,528,14,4,43,1050,0,0,0,0,False,train,student-mat.csv,292
337,POR,GP,M,18,Urbana,>3,Juntos,4,2,docente,otro,cercania,madre,1,2,False,True,True,True,True,True,True,4,3,2,1,4,5,0,False,False,2,True,False,15,16,16,False,False,False,True,0,True,2,19,2,2,8,125,0,0,0,0,False,train,student-por.csv,338
338,MAT,GP,F,17,Urbana,>3,Juntos,4,3,salud,servicios,reputacion,madre,1,3,False,True,False,True,True,True,False,4,2,2,1,2,3,0,False,True,0,True,False,15,15,15,False,False,False,True,0,True,17,339,13,3,47,832,0,0,0,0,False,train,student-mat.csv,293
338,POR,GP,F,17,Urbana,>3,Juntos,4,3,salud,servicios,reputacion,madre,1,3,False,True,False,True,True,True,False,4,2,2,1,2,3,0,False,False,0,True,False,17,18,18,False,False,False,True,0,True,15,315,15,2,38,750,0,0,0,0,False,train,student-por.csv,339
339,MAT,GP,F,17,Rural,<=3,Juntos,3,1,servicios,otro,reputacion,madre,2,4,False,True,False,True,True,False,False,3,1,2,1,1,3,0,False,True,6,True,False,18,18,18,False,False,False,True,0,True,19,351,17,2,59,1054,0,0,1,1,True,train,student-mat.csv,295
339,POR,GP,F,17,Rural,<=3,Juntos,3,1,servicios,otro,reputacion,madre,2,4,False,True,False,True,True,False,False,3,1,2,1,1,3,0,False,False,0,True,False,18,19,19,False,False,False,True,0,True,40,705,31,14,85,1630,0,0,0,0,False,train,student-por.csv,340
340,MAT,GP,M,18,Rural,<=3,Juntos,3,2,servicios,otro,reputacion,madre,2,3,False,True,True,True,True,True,False,5,4,2,1,1,4,0,False,True,8,True,False,14,13,14,False,False,False,True,0,True,10,273,10,3,22,499,0,0,0,0,False,train,student-mat.csv,296
340,POR,GP,M,18,Rural,<=3,Juntos,3,2,servicios,otro,reputacion,madre,2,3,False,True,True,True,True,True,False,5,4,2,1,1,4,0,False,False,0,True,False,14,15,15,False,False,False,True,0,True,48,1041,30,8,119,2746,0,0,0,0,False,train,student-por.csv,341
341,MAT,GP,M,17,Urbana,>3,Juntos,3,3,salud,otro,cercania,madre,1,1,False,True,False,True,True,True,False,4,4,3,1,3,5,0,False,True,4,True,False,14,12,11,False,False,False,True,0,False,6,82,6,0,15,246,0,0,0,0,False,train,student-mat.csv,297
341,POR,GP,M,17,Urbana,>3,Juntos,3,3,salud,otro,cercania,madre,1,1,False,True,False,True,True,True,False,4,4,3,1,3,5,0,False,False,0,True,False,14,15,15,False,False,False,True,0,True,7,142,7,2,12,193,0,0,0,0,False,train,student-por.csv,342
342,MAT,GP,F,19,Urbana,>3,Juntos,4,4,salud,otro,reputacion,otro,2,2,False,True,True,True,True,True,False,2,3,4,2,3,2,0,False,True,0,False,False,10,9,0,False,False,True,True,1,,4,64,4,0,11,184,2,1,0,0,False,test,student-mat.csv,298
342,POR,GP,F,19,Urbana,>3,Juntos,4,4,salud,otro,reputacion,otro,2,2,False,True,True,True,True,True,False,2,3,4,2,3,2,0,False,False,2,True,False,14,13,13,False,False,False,True,0,True,10,135,9,1,27,466,0,0,0,0,False,test,student-por.csv,343
343,MAT,GP,F,18,Urbana,<=3,Juntos,4,3,otro,otro,cercania,otro,2,2,False,True,False,True,True,True,True,4,4,5,1,2,2,0,False,True,10,True,False,10,8,8,False,False,False,True,1,False,22,383,18,5,70,1300,0,0,0,0,False,train,student-mat.csv,299
343,POR,GP,F,18,Urbana,<=3,Juntos,4,3,otro,otro,cercania,otro,2,2,False,True,False,True,True,True,True,4,4,5,1,2,2,0,False,False,0,True,False,13,14,14,False,False,False,True,0,True,3,42,3,0,8,115,0,0,1,1,True,train,student-por.csv,344
344,MAT,GP,F,18,Urbana,>3,Juntos,4,3,otro,otro,reputacion,padre,1,4,False,True,False,True,True,True,False,4,3,3,1,1,3,0,False,True,0,True,False,14,13,14,False,False,False,True,0,True,22,418,19,8,69,1357,0,0,0,0,False,test,student-mat.csv,300
344,POR,GP,F,18,Urbana,>3,Juntos,4,3,otro,otro,reputacion,padre,1,4,False,True,False,True,True,True,False,4,3,3,1,1,3,0,False,False,0,True,False,16,17,17,False,False,False,True,0,True,24,749,19,5,44,1125,0,0,0,0,False,test,student-por.csv,345
345,MAT,GP,M,18,Urbana,<=3,Juntos,4,4,docente,docente,cercania,madre,1,1,False,True,False,True,True,True,True,1,4,2,2,2,1,0,False,True,5,True,False,16,15,16,False,False,False,True,0,True,43,991,31,11,97,2166,0,0,0,0,False,train,student-mat.csv,301
345,POR,GP,M,18,Urbana,<=3,Juntos,4,4,docente,docente,cercania,madre,1,1,False,True,False,True,True,True,True,1,4,2,2,2,1,0,False,False,0,True,False,18,18,17,False,False,False,True,0,True,13,305,12,1,44,889,0,0,0,0,False,train,student-por.csv,346
346,MAT,GP,F,18,Urbana,<=3,Separados,4,4,salud,otro,cercania,madre,1,2,False,True,False,True,True,True,True,4,2,4,1,1,4,0,False,False,14,True,False,12,10,11,False,False,False,True,0,False,8,129,7,1,17,224,0,0,0,0,False,train,student-mat.csv,302
346,POR,GP,F,18,Urbana,<=3,Separados,4,4,salud,otro,cercania,madre,1,2,False,True,False,True,True,True,True,4,2,4,1,1,4,0,False,True,0,True,False,14,15,15,False,False,False,True,0,True,8,171,8,0,21,383,0,0,0,0,False,train,student-por.csv,347
347,MAT,GP,M,17,Urbana,<=3,Juntos,4,4,otro,docente,cercania,padre,2,1,False,False,False,True,True,True,False,4,1,1,2,2,5,0,False,True,0,True,False,11,11,10,False,False,False,True,0,False,28,448,23,4,61,1013,2,1,0,0,False,train,student-mat.csv,303
347,POR,GP,M,17,Urbana,<=3,Juntos,4,4,otro,docente,cercania,padre,2,1,False,False,False,True,True,True,False,4,1,1,2,2,5,0,False,False,0,True,False,12,13,13,False,False,False,True,0,True,8,169,7,3,22,420,0,0,0,0,False,train,student-por.csv,348
348,POR,GP,F,17,Rural,>3,Juntos,4,4,servicios,servicios,reputacion,madre,2,3,False,True,True,True,True,True,False,5,3,4,1,1,5,0,False,False,0,True,False,7,7,8,False,False,False,False,1,False,29,538,28,8,93,1886,2,1,1,3,False,test,student-por.csv,349
349,MAT,GP,F,17,Urbana,>3,Juntos,4,2,otro,otro,reputacion,madre,2,3,False,True,False,True,True,True,False,4,3,3,1,1,3,0,False,True,0,True,False,15,12,14,False,False,False,True,0,True,4,64,4,0,13,210,0,0,0,0,False,train,student-mat.csv,304
349,POR,GP,F,17,Urbana,>3,Juntos,4,2,otro,otro,reputacion,madre,2,3,False,True,False,True,True,True,False,4,3,3,1,1,3,0,False,False,0,True,False,16,16,16,False,False,False,True,0,True,15,351,14,3,30,629,0,0,0,0,False,train,student-por.csv,350
350,MAT,GP,F,17,Urbana,>3,Juntos,3,2,salud,salud,reputacion,padre,1,4,False,True,True,False,True,True,False,5,2,2,1,2,5,0,False,True,0,True,False,17,17,18,False,False,False,True,0,True,35,713,28,12,92,1884,0,0,0,0,False,train,student-mat.csv,305
350,POR,GP,F,17,Urbana,>3,Juntos,3,2,salud,salud,reputacion,padre,1,4,False,True,True,False,True,True,False,5,2,2,1,2,5,0,False,False,0,True,False,18,18,18,False,False,False,True,0,True,51,1193,38,13,111,2761,0,0,0,0,False,train,student-por.csv,351
351,POR,GP,M,19,Rural,<=3,Juntos,2,1,hogar,servicios,oferta,madre,2,3,False,False,True,True,True,True,True,4,3,1,1,1,5,1,False,False,0,True,False,9,10,11,False,False,False,False,0,False,15,228,13,5,41,686,1,1,1,2,False,train,student-por.csv,352
352,MAT,GP,M,20,Urbana,>3,Separados,3,2,servicios,otro,oferta,otro,1,1,False,False,True,True,True,False,False,5,5,3,1,1,5,0,False,False,0,True,False,17,18,18,False,False,False,True,0,True,6,127,6,0,13,241,0,0,0,0,False,train,student-mat.csv,308
352,POR,GP,M,20,Urbana,>3,Separados,3,2,servicios,otro,oferta,otro,1,1,False,False,True,True,True,False,False,5,5,3,1,1,5,2,False,False,0,True,False,14,15,15,False,False,False,True,0,True,10,140,9,1,25,311,1,1,1,2,True,train,student-por.csv,353
353,MAT,GP,M,19,Rural,>3,Juntos,3,3,otro,servicios,reputacion,padre,1,2,False,False,True,True,True,False,True,4,5,3,1,2,5,1,False,False,0,True,False,15,12,12,False,False,False,True,0,True,11,158,9,4,25,372,0,0,0,0,False,test,student-mat.csv,310
353,POR,GP,M,19,Rural,>3,Juntos,3,3,otro,servicios,reputacion,padre,1,2,False,False,True,True,True,False,True,4,5,3,1,2,5,0,False,False,0,True,False,10,10,11,False,False,False,True,0,False,10,402,10,1,27,761,0,0,0,0,False,test,student-por.csv,354
354,POR,GP,F,18,Urbana,>3,Juntos,1,4,otro,docente,cercania,madre,1,2,True,True,False,False,True,False,True,3,4,4,1,2,5,0,False,False,2,True,False,10,10,11,False,False,False,False,0,False,9,125,8,2,22,277,0,0,0,0,False,train,student-por.csv,355
355,MAT,GP,F,18,Urbana,>3,Juntos,2,1,servicios,otro,oferta,madre,2,2,False,True,True,True,True,True,False,5,3,3,1,2,1,0,False,True,0,False,False,8,8,0,False,False,True,True,1,,23,440,18,7,57,1274,1,1,1,2,False,train,student-mat.csv,318
355,POR,GP,F,18,Urbana,>3,Juntos,2,1,servicios,otro,oferta,madre,2,2,False,True,True,True,True,True,False,5,3,3,1,2,1,0,False,False,2,True,False,12,12,15,False,False,False,True,0,True,35,796,30,5,111,2739,0,0,0,0,False,train,student-por.csv,356
356,POR,GP,F,17,Urbana,>3,Juntos,2,3,otro,otro,oferta,padre,2,2,False,False,True,True,True,True,True,4,2,1,1,1,3,0,False,False,2,True,False,11,12,14,False,False,False,False,0,True,3,36,3,1,16,216,0,0,0,0,False,test,student-por.csv,357
357,POR,GP,F,17,Rural,>3,Juntos,4,4,docente,docente,oferta,madre,1,1,False,False,True,True,True,True,False,4,4,4,1,1,5,0,False,False,2,True,False,15,16,17,False,False,False,False,0,True,2,21,2,1,15,270,5,2,0,0,False,train,student-por.csv,358
358,MAT,GP,F,18,Urbana,>3,Juntos,4,3,otro,otro,oferta,madre,1,3,False,True,True,True,True,True,True,4,3,4,1,1,5,0,False,True,9,True,False,9,10,9,False,False,False,True,1,False,31,803,27,6,99,2168,1,1,1,2,False,train,student-mat.csv,319
358,POR,GP,F,18,Urbana,>3,Juntos,4,3,otro,otro,oferta,madre,1,3,False,True,True,True,True,True,True,4,3,4,1,1,5,0,False,False,2,True,False,14,15,17,False,False,False,True,0,True,27,483,20,7,86,2115,0,0,0,0,False,train,student-por.csv,359
359,POR,GP,F,18,Urbana,<=3,Juntos,4,3,salud,servicios,oferta,madre,2,1,False,True,False,True,True,True,False,3,2,4,1,4,1,0,False,False,8,True,False,12,12,15,False,False,False,False,0,True,5,74,5,1,19,306,0,0,0,0,False,train,student-por.csv,360
360,MAT,GP,F,17,Rural,>3,Juntos,3,4,hogar,servicios,oferta,padre,1,3,False,True,True,False,True,True,False,4,3,4,2,5,5,0,False,True,0,True,False,11,11,10,False,False,False,True,0,False,53,1299,37,17,147,3544,0,0,0,0,False,train,student-mat.csv,320
360,POR,GP,F,17,Rural,>3,Juntos,3,4,hogar,servicios,oferta,padre,1,3,False,True,True,False,True,True,False,4,3,4,2,5,5,0,False,False,2,True,False,15,15,17,False,False,False,True,0,True,23,459,21,5,64,1481,0,0,0,0,False,train,student-por.csv,361
361,POR,GP,F,18,Urbana,>3,Juntos,3,3,hogar,otro,oferta,padre,1,2,False,True,False,True,True,True,False,4,1,4,1,1,3,0,False,False,8,True,False,11,12,14,False,False,False,False,0,True,24,491,22,8,47,980,0,0,0,0,False,train,student-por.csv,362
362,POR,GP,M,19,Urbana,>3,Juntos,4,2,salud,otro,oferta,madre,2,2,False,True,True,True,True,True,True,5,4,4,1,1,1,0,False,False,9,True,False,11,10,10,False,False,False,False,0,False,72,1675,47,13,193,5124,0,0,0,0,False,test,student-por.csv,363
363,MAT,GP,F,18,Urbana,>3,Juntos,4,4,docente,otro,oferta,madre,1,2,False,True,False,True,True,True,False,4,4,4,3,3,5,0,False,True,2,True,False,11,11,11,False,False,False,True,0,False,27,831,23,8,59,1582,0,0,0,0,False,train,student-mat.csv,321
363,POR,GP,F,18,Urbana,>3,Juntos,4,4,docente,otro,oferta,madre,1,2,False,True,False,True,True,True,False,4,4,4,3,3,5,0,False,False,0,True,False,12,11,13,False,False,False,True,0,True,15,197,13,4,40,654,0,0,0,0,False,train,student-por.csv,364
364,POR,GP,F,18,Urbana,>3,Juntos,3,4,otro,otro,oferta,madre,1,1,False,True,True,True,True,True,True,5,4,4,1,1,1,0,False,False,4,True,False,11,12,14,False,False,False,False,0,True,5,54,5,2,23,324,0,0,0,0,False,train,student-por.csv,365
365,POR,GP,F,17,Urbana,>3,Juntos,4,4,salud,salud,oferta,madre,1,1,False,False,True,True,True,True,False,5,3,4,1,2,5,0,False,False,2,True,False,14,15,17,False,False,False,False,0,True,12,244,11,4,39,733,0,0,0,0,False,train,student-por.csv,366
366,MAT,GP,F,17,Urbana,>3,Separados,4,3,servicios,servicios,oferta,madre,1,2,False,True,False,True,True,True,True,5,2,2,1,2,5,0,False,True,23,True,False,13,13,13,False,False,False,True,0,True,35,604,26,5,87,1685,0,0,0,0,False,train,student-mat.csv,322
366,POR,GP,F,17,Urbana,>3,Separados,4,3,servicios,servicios,oferta,madre,1,2,False,True,False,True,True,True,True,5,2,2,1,2,5,0,False,False,14,True,False,15,14,17,False,False,False,True,0,True,16,346,14,3,59,1200,0,0,0,0,False,train,student-por.csv,367
367,POR,GP,F,17,Urbana,<=3,Separados,3,3,servicios,otro,cercania,madre,1,2,True,True,False,True,True,True,False,5,3,3,1,1,5,0,False,False,0,True,False,12,12,13,False,False,False,False,0,True,38,734,26,11,97,1961,0,0,1,1,True,train,student-por.csv,368
368,POR,GP,F,17,Urbana,<=3,Juntos,2,1,otro,otro,cercania,padre,1,2,False,False,True,True,True,True,False,4,2,3,2,2,2,0,False,False,2,True,False,11,12,14,False,False,False,False,0,True,18,304,14,2,36,554,0,0,0,0,False,train,student-por.csv,369
369,POR,GP,M,18,Urbana,<=3,Juntos,4,4,otro,otro,reputacion,padre,1,1,False,True,False,True,True,True,False,4,2,5,3,4,5,0,False,False,2,True,False,8,9,11,False,False,False,False,0,False,11,231,11,2,27,485,3,2,1,2,False,train,student-por.csv,370
370,POR,GP,F,19,Urbana,>3,Juntos,1,1,otro,otro,oferta,otro,3,3,False,False,True,True,False,False,True,1,5,5,4,3,5,0,False,False,12,True,False,10,10,11,False,False,False,False,0,False,24,378,19,7,67,1309,0,0,0,0,False,train,student-por.csv,371
371,POR,GP,F,19,Urbana,<=3,Separados,1,1,otro,otro,oferta,otro,3,2,False,True,False,False,True,True,True,5,3,4,1,1,4,2,False,False,2,True,False,8,8,9,False,False,False,False,1,False,8,187,8,2,18,310,4,2,1,2,True,train,student-por.csv,372
372,POR,GP,F,18,Urbana,>3,Juntos,2,2,otro,otro,oferta,madre,1,1,False,True,True,True,True,True,True,4,3,5,2,4,5,0,False,False,2,True,False,10,10,10,False,False,False,False,0,False,20,347,18,7,48,904,0,0,0,0,False,test,student-por.csv,373
373,MAT,GP,F,17,Urbana,>3,Juntos,2,2,otro,otro,oferta,madre,1,2,False,True,False,True,True,False,True,4,2,2,1,1,3,0,False,False,12,True,False,11,9,9,False,False,False,True,1,False,13,160,12,3,53,951,0,0,0,0,False,train,student-mat.csv,323
373,POR,GP,F,17,Urbana,>3,Juntos,2,2,otro,otro,oferta,madre,1,2,False,True,False,True,True,False,True,4,2,2,1,1,3,0,False,False,4,True,False,14,13,13,False,False,False,True,0,True,5,85,5,1,17,277,0,0,0,0,False,train,student-por.csv,374
374,MAT,GP,F,17,Rural,<=3,Juntos,2,2,servicios,servicios,oferta,madre,1,3,False,True,True,True,True,True,False,3,3,2,2,2,3,0,False,True,3,True,False,11,11,11,False,False,False,True,0,False,44,1076,35,10,114,2730,0,0,0,0,False,test,student-mat.csv,324
374,POR,GP,F,17,Rural,<=3,Juntos,2,2,servicios,servicios,oferta,madre,1,3,False,True,True,True,True,True,False,3,3,2,2,2,3,0,False,False,0,True,False,11,11,10,False,False,False,True,0,False,80,2126,47,21,231,6453,0,0,0,0,False,test,student-por.csv,375
375,MAT,GP,F,17,Urbana,>3,Juntos,3,1,servicios,servicios,oferta,padre,1,3,False,True,False,False,True,True,False,3,4,3,2,3,5,0,False,False,1,True,False,12,14,15,False,False,False,True,0,True,41,1115,25,11,107,2470,0,0,0,0,False,train,student-mat.csv,325
375,POR,GP,F,17,Urbana,>3,Juntos,3,1,servicios,servicios,oferta,padre,1,3,False,True,False,False,True,True,False,3,4,3,2,3,5,0,False,False,0,True,False,17,18,17,False,False,False,True,0,True,27,544,22,5,58,1089,0,0,0,0,False,train,student-por.csv,376
376,MAT,GP,F,17,Urbana,<=3,Juntos,0,2,hogar,hogar,cercania,padre,2,3,False,False,False,True,True,True,False,3,3,3,2,3,2,0,False,False,0,True,False,16,15,15,False,False,False,True,0,True,46,954,31,11,137,2935,0,0,0,0,False,train,student-mat.csv,326
376,POR,GP,F,17,Urbana,<=3,Juntos,0,2,hogar,hogar,cercania,padre,2,3,False,False,False,True,True,True,False,3,3,3,2,3,2,0,False,False,0,True,False,14,14,15,False,False,False,True,0,True,59,1479,37,14,155,4382,0,0,0,0,False,train,student-por.csv,377
377,POR,GP,F,18,Urbana,>3,Juntos,1,1,otro,otro,cercania,madre,2,3,False,False,True,True,True,True,False,4,5,5,1,2,2,0,False,False,0,True,False,14,14,14,False,False,False,False,0,True,14,270,13,4,35,652,0,0,0,0,False,train,student-por.csv,378
378,MAT,GP,M,18,Urbana,>3,Juntos,4,4,otro,otro,oferta,madre,1,3,False,False,True,True,True,True,False,4,3,3,2,2,3,0,False,False,3,True,False,9,12,11,False,False,False,True,0,False,8,127,8,1,22,343,3,2,0,0,False,train,student-mat.csv,327
378,POR,GP,M,18,Urbana,>3,Juntos,4,4,otro,otro,oferta,madre,1,3,False,False,True,True,True,True,False,4,3,3,2,2,3,0,False,False,0,True,False,13,14,13,False,False,False,True,0,True,6,80,6,0,18,256,0,0,0,0,False,train,student-por.csv,379
379,MAT,GP,M,17,Urbana,>3,Juntos,3,3,otro,servicios,reputacion,madre,1,1,False,False,True,False,True,True,False,4,3,5,3,5,5,0,False,False,3,True,False,14,15,16,False,False,False,True,0,True,11,199,10,3,26,487,0,0,0,0,False,train,student-mat.csv,328
379,POR,GP,M,17,Urbana,>3,Juntos,3,3,otro,servicios,reputacion,madre,1,1,False,False,True,False,True,True,False,4,3,5,3,5,5,0,False,False,0,True,False,17,18,17,False,False,False,True,0,True,45,955,32,8,118,2908,0,0,0,0,False,train,student-por.csv,380
380,MAT,GP,M,17,Rural,>3,Juntos,2,2,servicios,otro,oferta,madre,4,1,False,True,False,True,True,True,False,4,4,5,5,5,4,0,False,False,8,True,False,11,10,10,False,False,False,True,0,False,1,7,1,1,14,201,0,0,0,0,False,test,student-mat.csv,329
380,POR,GP,M,17,Rural,>3,Juntos,2,2,servicios,otro,oferta,madre,4,1,False,True,False,True,True,True,False,4,4,5,5,5,4,0,False,False,2,True,False,11,10,10,False,False,False,True,0,False,6,125,6,0,30,576,0,0,0,0,False,test,student-por.csv,381
381,MAT,GP,F,17,Urbana,>3,Juntos,4,4,docente,servicios,oferta,madre,1,3,False,True,True,True,True,True,False,5,4,4,1,3,4,0,False,True,7,True,False,10,9,9,False,False,False,True,1,False,19,292,17,2,48,780,0,0,0,0,False,train,student-mat.csv,330
381,POR,GP,F,17,Urbana,>3,Juntos,4,4,docente,servicios,oferta,madre,1,3,False,True,True,True,True,True,False,5,4,4,1,3,4,0,False,False,0,True,False,13,12,13,False,False,False,True,0,True,46,1120,36,10,120,2811,0,0,0,0,False,train,student-por.csv,382
382,MAT,GP,F,17,Urbana,>3,Juntos,4,4,docente,docente,oferta,madre,2,3,False,True,False,False,True,True,True,4,3,3,1,2,4,0,False,True,4,True,False,14,14,14,False,False,False,True,0,True,75,2166,41,13,223,6511,0,0,0,0,False,test,student-mat.csv,331
382,POR,GP,F,17,Urbana,>3,Juntos,4,4,docente,docente,oferta,madre,2,3,False,True,False,False,True,True,True,4,3,3,1,2,4,0,False,False,4,True,False,15,14,15,False,False,False,True,0,True,82,2052,46,16,191,4702,0,0,0,0,False,test,student-por.csv,383
383,POR,GP,F,17,Urbana,>3,Juntos,3,3,hogar,otro,oferta,madre,1,1,False,True,True,True,True,True,False,4,2,5,2,5,5,0,False,True,2,True,False,11,12,11,False,False,False,False,0,False,2,22,2,0,5,83,0,0,0,0,False,train,student-por.csv,384
384,MAT,GP,M,18,Urbana,<=3,Juntos,2,2,otro,otro,oferta,madre,1,4,False,True,True,True,True,True,False,4,5,5,2,4,5,0,False,False,2,True,False,9,8,8,False,False,False,True,1,False,23,350,21,5,53,923,4,4,1,2,True,train,student-mat.csv,332
384,POR,GP,M,18,Urbana,<=3,Juntos,2,2,otro,otro,oferta,madre,1,4,False,True,True,True,True,True,False,4,5,5,2,4,5,0,False,True,0,True,False,11,11,12,False,False,False,True,0,False,21,406,15,11,57,1068,0,0,0,0,False,train,student-por.csv,385
385,POR,GP,M,19,Rural,>3,Juntos,3,2,hogar,servicios,cercania,otro,1,1,False,True,False,False,True,False,True,5,3,4,2,2,5,0,False,False,0,True,False,11,10,10,False,False,False,False,0,False,4,59,4,1,7,122,2,2,0,0,False,train,student-por.csv,386
386,POR,GP,F,18,Urbana,>3,Juntos,2,2,hogar,otro,oferta,madre,4,2,False,False,True,True,True,False,True,4,2,5,1,1,2,0,False,False,2,True,False,10,9,10,False,False,False,False,0,False,3,67,3,0,13,233,0,0,0,0,False,train,student-por.csv,387
387,MAT,GP,F,17,Rural,>3,Juntos,2,4,hogar,otro,oferta,padre,1,3,False,True,False,True,True,True,True,4,4,3,1,1,5,0,False,False,7,True,False,12,14,14,False,False,False,True,0,True,29,449,25,4,83,1360,0,0,0,0,False,train,student-mat.csv,333
387,POR,GP,F,17,Rural,>3,Juntos,2,4,hogar,otro,oferta,padre,1,3,False,True,False,True,True,True,True,4,4,3,1,1,5,0,False,False,0,True,False,15,15,15,False,False,False,True,0,True,34,643,27,7,90,1864,0,0,0,0,False,train,student-por.csv,388
388,POR,GP,M,18,Urbana,>3,Juntos,2,2,otro,otro,reputacion,madre,1,1,False,False,False,False,True,True,False,5,4,2,1,2,5,0,False,False,6,True,False,15,14,15,False,False,False,False,0,True,14,182,12,1,45,760,0,0,0,0,False,train,student-por.csv,389
389,MAT,GP,F,18,Urbana,>3,Juntos,3,3,servicios,servicios,cercania,madre,1,2,False,False,True,True,True,True,False,5,3,4,1,1,4,0,False,False,0,False,False,7,0,0,False,True,True,True,1,,21,616,17,6,51,1221,2,1,0,0,False,test,student-mat.csv,334
389,POR,GP,F,18,Urbana,>3,Juntos,3,3,servicios,servicios,cercania,madre,1,2,False,False,True,True,True,True,False,5,3,4,1,1,4,0,False,False,8,True,False,10,11,12,False,False,False,True,0,False,37,759,30,13,89,2435,0,0,0,0,False,test,student-por.csv,390
390,MAT,GP,F,18,Urbana,<=3,Juntos,2,2,otro,otro,cercania,otro,1,2,False,False,True,False,True,True,True,4,3,3,1,1,2,0,False,False,0,False,False,8,8,0,False,False,True,True,1,,16,370,14,6,41,796,1,1,1,2,True,train,student-mat.csv,335
390,POR,GP,F,18,Urbana,<=3,Juntos,2,2,otro,otro,cercania,otro,1,2,False,False,True,False,True,True,True,4,3,3,1,1,2,0,False,False,0,True,False,10,9,12,False,False,False,True,0,False,1,4,1,0,2,27,0,0,0,0,False,train,student-por.csv,391
391,MAT,GP,F,18,Rural,>3,Juntos,2,2,hogar,otro,oferta,madre,2,4,False,False,True,True,True,False,False,4,4,4,1,1,4,0,False,False,0,False,False,10,9,0,False,False,True,True,1,,4,45,4,0,14,201,0,0,0,0,False,train,student-mat.csv,336
391,POR,GP,F,18,Rural,>3,Juntos,2,2,hogar,otro,oferta,madre,2,4,False,False,True,True,True,False,False,4,4,4,1,1,4,0,False,False,6,True,False,14,13,14,False,False,False,True,0,True,4,37,4,0,17,233,0,0,0,0,False,train,student-por.csv,392
392,MAT,GP,F,17,Urbana,>3,Juntos,3,4,servicios,otro,oferta,madre,1,3,False,False,False,True,True,True,False,4,4,5,1,3,5,0,False,False,16,True,False,16,15,15,False,False,False,True,0,True,8,109,7,0,26,381,0,0,0,0,False,test,student-mat.csv,337
392,POR,GP,F,17,Urbana,>3,Juntos,3,4,servicios,otro,oferta,madre,1,3,False,False,False,True,True,True,False,4,4,5,1,3,5,0,False,False,8,True,False,11,13,14,False,False,False,True,0,True,20,621,17,4,50,1232,0,0,0,0,False,test,student-por.csv,393
393,MAT,GP,F,17,Urbana,>3,Juntos,3,2,otro,otro,cercania,madre,1,2,False,True,False,True,True,True,True,4,3,2,2,3,2,0,False,True,0,False,False,7,8,0,False,False,True,True,1,,14,473,12,1,61,1593,1,0,1,3,True,train,student-mat.csv,339
393,POR,GP,F,17,Urbana,>3,Juntos,3,2,otro,otro,cercania,madre,1,2,False,True,False,True,True,True,True,4,3,2,2,3,2,0,False,False,0,True,False,12,13,15,False,False,False,True,0,True,9,162,7,3,15,313,0,0,0,0,False,train,student-por.csv,394
394,MAT,GP,F,18,Urbana,<=3,Juntos,3,3,servicios,servicios,cercania,madre,1,4,False,True,False,True,True,True,False,5,3,3,1,1,1,0,False,False,7,True,False,16,15,17,False,False,False,True,0,True,44,807,33,16,115,2337,0,0,0,0,False,train,student-mat.csv,340
394,POR,GP,F,18,Urbana,<=3,Juntos,3,3,servicios,servicios,cercania,madre,1,4,False,True,False,True,True,True,False,5,3,3,1,1,1,0,False,False,4,True,False,14,14,15,False,False,False,True,0,True,23,549,20,6,52,1223,0,0,0,0,False,train,student-por.csv,395
395,MAT,GP,F,17,Rural,>3,Separados,3,2,otro,otro,cercania,madre,1,2,False,True,False,True,True,True,False,4,3,3,2,3,2,0,False,True,4,True,False,9,10,10,False,False,False,True,0,False,17,353,15,5,37,769,0,0,0,0,False,train,student-mat.csv,341
395,POR,GP,F,17,Rural,>3,Separados,3,2,otro,otro,cercania,madre,1,2,False,True,False,True,True,True,False,4,3,3,2,3,2,0,False,False,0,True,False,14,14,16,False,False,False,True,0,True,47,1195,35,12,132,3643,0,0,0,0,False,train,student-por.csv,396
396,MAT,GP,M,18,Urbana,>3,Juntos,4,4,docente,servicios,cercania,padre,1,2,False,True,True,True,True,True,False,4,3,3,2,2,2,1,False,False,0,False,False,10,10,0,False,False,True,True,1,,11,155,10,2,22,345,0,0,0,0,False,train,student-mat.csv,343
396,POR,GP,M,18,Urbana,>3,Juntos,4,4,docente,servicios,cercania,padre,1,2,False,True,True,True,True,True,False,4,3,3,2,2,2,0,False,False,0,True,False,12,12,13,False,False,False,True,0,True,17,346,15,3,49,938,0,0,0,0,False,train,student-por.csv,397
397,MAT,GP,M,18,Urbana,<=3,Juntos,3,4,servicios,otro,cercania,madre,1,2,False,False,True,True,True,True,True,4,3,3,1,3,5,0,False,False,11,True,False,16,15,15,False,False,False,True,0,True,7,77,6,2,19,288,0,0,0,0,False,test,student-mat.csv,344
397,POR,GP,M,18,Urbana,<=3,Juntos,3,4,servicios,otro,cercania,madre,1,2,False,False,True,True,True,True,True,4,3,3,1,3,5,0,False,False,6,True,False,16,16,17,False,False,False,True,0,True,56,1364,36,9,138,3631,0,0,0,0,False,test,student-por.csv,398
398,MAT,GP,F,17,Urbana,>3,Separados,2,2,hogar,hogar,cercania,padre,1,2,False,True,False,True,True,True,True,3,3,1,1,2,4,1,False,False,0,False,False,9,8,0,False,False,True,True,1,,10,271,10,3,43,920,1,1,0,0,False,train,student-mat.csv,345
398,POR,GP,F,17,Urbana,>3,Separados,2,2,hogar,hogar,cercania,padre,1,2,False,True,False,True,True,True,True,3,3,1,1,2,4,0,False,False,18,True,False,10,12,14,False,False,False,True,0,True,23,415,17,4,57,1059,0,0,0,0,False,train,student-por.csv,399
399,MAT,GP,F,18,Urbana,>3,Juntos,2,3,hogar,otro,oferta,madre,1,3,False,True,False,True,True,True,False,4,3,3,1,2,3,0,False,False,4,True,False,11,10,10,False,False,False,True,0,False,42,1031,30,6,101,2435,0,0,0,0,False,train,student-mat.csv,346
399,POR,GP,F,18,Urbana,>3,Juntos,2,3,hogar,otro,oferta,madre,1,3,False,True,False,True,True,True,False,4,3,3,1,2,3,0,False,False,0,True,False,11,12,14,False,False,False,True,0,True,17,367,16,3,37,984,0,0,0,0,False,train,student-por.csv,400
400,MAT,GP,F,18,Urbana,>3,Juntos,3,2,otro,servicios,otro,madre,1,3,False,False,False,True,True,True,True,5,4,3,2,3,1,0,False,False,7,True,False,13,13,14,False,False,False,True,0,True,36,677,28,6,89,1734,0,0,0,0,False,train,student-mat.csv,347
400,POR,GP,F,18,Urbana,>3,Juntos,3,2,otro,servicios,otro,madre,1,3,False,False,False,True,True,True,True,5,4,3,2,3,1,0,False,False,4,True,False,14,16,17,False,False,False,True,0,True,13,215,12,5,34,507,0,0,0,0,False,train,student-por.csv,401
401,MAT,GP,M,18,Rural,>3,Juntos,4,3,docente,servicios,oferta,madre,1,3,False,False,False,True,True,True,True,5,3,2,1,2,4,0,False,False,9,True,False,16,15,16,False,False,False,True,0,True,14,516,12,5,44,1008,0,0,0,0,False,train,student-mat.csv,348
401,POR,GP,M,18,Rural,>3,Juntos,4,3,docente,servicios,oferta,madre,1,3,False,False,False,True,True,True,True,5,3,2,1,2,4,0,False,False,4,True,False,15,14,17,False,False,False,True,0,True,15,305,14,1,43,855,0,0,0,0,False,train,student-por.csv,402
402,MAT,GP,M,18,Urbana,>3,Juntos,4,3,docente,otro,oferta,madre,1,3,False,True,False,True,True,True,True,5,4,5,2,3,5,0,False,True,0,True,False,10,10,9,False,False,False,True,1,False,19,434,17,1,46,913,0,0,0,0,False,train,student-mat.csv,349
402,POR,GP,M,18,Urbana,>3,Juntos,4,3,docente,otro,oferta,madre,1,3,False,True,False,True,True,True,True,5,4,5,2,3,5,0,False,False,0,True,False,14,13,14,False,False,False,True,0,True,32,663,29,7,99,2067,0,0,0,0,False,train,student-por.csv,403
403,MAT,GP,F,17,Urbana,>3,Juntos,4,3,salud,otro,reputacion,madre,1,3,False,True,True,True,True,True,True,4,4,3,1,3,4,0,False,True,0,True,False,13,15,15,False,False,False,True,0,True,36,737,30,7,100,2190,0,0,0,0,False,test,student-mat.csv,350
403,POR,GP,F,17,Urbana,>3,Juntos,4,3,salud,otro,reputacion,madre,1,3,False,True,True,True,True,True,True,4,4,3,1,3,4,0,False,False,0,True,False,11,12,13,False,False,False,True,0,True,46,1330,35,12,124,2842,0,0,0,0,False,test,student-por.csv,404
404,POR,GP,F,17,Urbana,>3,Juntos,2,1,servicios,otro,oferta,madre,2,2,False,True,True,True,True,True,True,4,3,4,2,2,1,0,False,False,10,True,False,12,15,15,False,False,False,False,0,True,16,269,13,3,38,685,0,0,0,0,False,train,student-por.csv,405
405,POR,GP,F,17,Urbana,>3,Juntos,2,1,servicios,otro,reputacion,madre,1,2,False,True,True,True,True,True,False,4,3,5,2,4,4,0,False,False,4,True,False,12,16,16,False,False,False,False,0,True,22,415,20,2,65,1504,0,0,0,0,False,train,student-por.csv,406
406,POR,GP,F,19,Urbana,<=3,Separados,2,3,hogar,otro,cercania,otro,2,1,False,False,False,True,False,True,False,2,2,3,3,4,5,1,False,False,16,True,False,10,11,11,False,False,False,False,0,False,5,42,5,1,9,117,0,0,0,0,False,train,student-por.csv,407
407,POR,GP,F,17,Urbana,>3,Juntos,3,1,otro,hogar,cercania,madre,1,1,False,True,False,True,True,True,True,4,1,2,1,1,3,1,False,True,6,True,False,10,13,13,False,False,False,False,0,True,29,825,23,9,75,1801,0,0,0,0,False,train,student-por.csv,408
408,POR,GP,F,21,Urbana,<=3,Juntos,4,4,otro,otro,reputacion,otro,1,3,False,False,True,True,True,True,False,3,3,2,1,1,5,2,False,True,0,True,False,9,12,12,False,False,False,False,0,False,4,69,4,1,18,308,1,1,1,2,False,train,student-por.csv,409
409,POR,GP,M,18,Urbana,<=3,Juntos,2,2,servicios,servicios,reputacion,madre,1,2,False,True,True,False,False,True,False,4,4,4,1,3,3,0,False,False,11,True,False,9,11,12,False,False,False,False,0,False,7,104,7,1,21,401,3,2,1,2,False,train,student-por.csv,410
410,POR,GP,M,18,Urbana,<=3,Separados,3,4,otro,otro,reputacion,otro,1,2,False,False,True,True,True,True,True,4,3,5,1,4,2,0,False,False,9,True,False,13,14,15,False,False,False,False,0,True,17,490,17,3,48,994,0,0,1,1,True,train,student-por.csv,411
411,POR,GP,F,17,Urbana,>3,Juntos,2,2,servicios,servicios,reputacion,madre,1,2,False,True,True,True,True,True,False,4,3,4,1,3,4,0,False,False,0,True,False,13,17,17,False,False,False,False,0,True,8,99,7,2,15,181,0,0,1,1,True,train,student-por.csv,412
412,POR,GP,M,17,Urbana,<=3,Separados,4,4,salud,otro,reputacion,madre,1,3,False,True,False,True,True,True,False,4,4,2,1,2,4,0,False,False,2,True,False,12,15,15,False,False,False,False,0,True,20,342,17,2,52,921,0,0,0,0,False,train,student-por.csv,413
413,POR,GP,F,18,Urbana,<=3,Juntos,4,2,docente,otro,oferta,madre,1,2,False,True,True,True,True,True,False,4,2,2,1,1,3,0,False,False,0,True,False,14,17,17,False,False,False,False,0,True,16,244,14,9,48,936,0,0,0,0,False,test,student-por.csv,414
414,POR,GP,M,21,Rural,<=3,Juntos,1,1,hogar,otro,oferta,otro,2,2,False,True,True,True,False,True,True,5,3,3,5,2,4,2,False,False,21,True,False,9,10,10,False,False,False,False,0,False,12,292,11,0,34,736,2,1,1,2,False,test,student-por.csv,415
415,POR,GP,F,20,Rural,>3,Juntos,1,1,otro,otro,reputacion,otro,2,3,False,False,False,True,True,True,True,3,2,2,1,3,3,0,False,False,8,True,False,11,15,15,False,False,False,False,0,True,16,467,14,3,54,1222,0,0,0,0,False,train,student-por.csv,416
416,POR,GP,F,19,Urbana,>3,Juntos,4,4,docente,otro,cercania,otro,1,1,False,True,False,True,True,True,True,3,2,5,4,4,5,1,False,False,5,True,False,9,10,11,False,False,False,False,0,False,7,142,5,1,21,662,1,0,1,2,True,train,student-por.csv,417
417,POR,GP,M,17,Urbana,<=3,Separados,3,2,otro,otro,reputacion,madre,1,2,False,True,False,True,True,True,False,4,4,4,1,2,5,0,False,False,10,True,False,16,18,18,False,False,False,False,0,True,26,512,22,4,67,1402,0,0,0,0,False,train,student-por.csv,418
418,POR,GP,F,18,Urbana,>3,Juntos,3,2,hogar,otro,reputacion,padre,1,3,False,True,False,True,True,True,True,4,3,4,1,2,2,0,False,False,5,True,False,14,17,17,False,False,False,False,0,True,60,2037,36,7,153,4373,0,0,0,0,False,train,student-por.csv,419
419,POR,GP,M,18,Rural,>3,Juntos,2,3,otro,servicios,reputacion,padre,1,1,False,False,False,True,True,True,False,3,1,3,4,5,4,0,False,False,13,True,False,13,14,14,False,False,False,False,0,True,29,614,24,8,54,1194,0,0,0,0,False,train,student-por.csv,420
420,POR,GP,M,19,Urbana,>3,Juntos,2,1,otro,otro,reputacion,madre,1,1,False,False,False,True,True,True,False,5,3,4,1,4,4,0,False,False,10,True,False,7,11,11,False,False,False,False,0,False,23,499,22,8,66,1411,2,1,1,3,False,train,student-por.csv,421
421,POR,GP,F,18,Urbana,<=3,Separados,2,2,servicios,otro,reputacion,madre,2,2,False,True,False,True,True,True,False,4,1,4,1,3,4,0,False,False,10,True,False,14,17,17,False,False,False,False,0,True,11,234,11,2,27,542,0,0,0,0,False,train,student-por.csv,422
422,POR,GP,F,20,Urbana,>3,Juntos,1,0,otro,otro,reputacion,madre,2,1,True,False,False,True,True,True,True,5,3,1,1,1,5,1,False,False,5,True,False,8,10,10,False,False,False,False,0,False,7,167,7,1,26,696,1,1,1,2,True,train,student-por.csv,423
423,POR,GP,F,18,Urbana,>3,Juntos,3,2,servicios,otro,cercania,madre,1,2,False,True,True,False,True,True,True,3,1,2,1,2,1,0,False,False,4,True,False,10,13,13,False,False,False,False,0,True,20,561,17,4,57,1217,0,0,0,0,False,test,student-por.csv,424
424,POR,MS,F,16,Urbana,>3,Juntos,1,3,hogar,otro,otro,padre,2,1,False,True,False,True,False,True,True,4,3,3,1,3,5,0,False,False,11,True,False,10,11,11,False,False,False,False,0,False,6,118,6,1,16,269,0,0,0,0,False,test,student-por.csv,425
425,POR,MS,F,16,Rural,>3,Juntos,2,2,otro,otro,oferta,madre,2,2,False,True,True,True,True,True,False,4,4,4,1,1,5,0,False,False,0,True,False,12,12,12,False,False,False,False,0,False,12,244,12,3,41,995,0,0,0,0,False,train,student-por.csv,426
426,POR,MS,F,15,Rural,>3,Juntos,1,1,hogar,servicios,otro,madre,1,1,False,True,False,True,True,False,True,4,1,3,1,1,2,1,False,False,6,True,False,10,10,10,False,False,False,False,0,False,5,99,5,3,8,168,0,0,0,0,False,train,student-por.csv,427
427,POR,MS,F,15,Rural,>3,Juntos,3,3,hogar,otro,oferta,madre,2,1,False,True,False,True,True,True,False,5,4,4,2,3,5,0,False,False,4,True,False,10,10,11,False,False,False,False,0,False,13,245,13,2,24,383,0,0,0,0,False,train,student-por.csv,428
428,POR,MS,F,16,Rural,>3,Juntos,2,3,hogar,servicios,oferta,madre,2,2,False,False,False,True,True,False,False,4,5,2,1,2,5,0,False,False,0,True,False,16,17,17,False,False,False,False,0,True,20,298,18,2,51,874,0,0,0,0,False,train,student-por.csv,429
429,POR,MS,F,15,Rural,<=3,Juntos,2,1,hogar,otro,cercania,madre,2,1,False,False,False,True,False,False,False,1,3,4,1,1,1,0,False,False,0,True,False,6,8,9,False,False,False,False,1,False,1,3,1,0,3,22,2,2,1,3,True,test,student-por.csv,430
430,POR,MS,M,16,Rural,<=3,Separados,4,4,hogar,otro,cercania,madre,1,2,False,True,False,True,True,False,False,5,3,2,1,3,2,0,False,False,5,True,False,10,11,11,False,False,False,False,0,False,12,242,10,2,41,802,0,0,0,0,False,train,student-por.csv,431
431,POR,MS,M,16,Urbana,>3,Separados,1,2,otro,otro,otro,madre,1,3,True,False,False,True,True,True,False,4,4,3,1,1,5,0,False,False,0,True,False,10,11,11,False,False,False,False,0,False,6,188,6,3,32,982,0,0,0,0,False,train,student-por.csv,432
432,POR,MS,F,17,Rural,>3,Juntos,3,2,hogar,otro,oferta,padre,1,2,False,False,False,True,True,False,True,4,5,4,1,2,5,1,False,False,0,True,False,10,10,10,False,False,False,False,0,False,10,135,8,4,23,406,2,2,0,0,False,train,student-por.csv,433
433,POR,MS,F,17,Rural,>3,Juntos,1,1,otro,otro,otro,padre,1,1,False,True,False,False,False,True,False,5,4,4,2,2,5,1,False,False,0,True,False,6,6,7,False,False,False,False,1,False,2,11,2,0,2,11,2,2,1,3,False,train,student-por.csv,434
434,POR,MS,F,15,Rural,>3,Juntos,4,4,docente,otro,oferta,madre,2,1,False,False,False,True,True,True,True,1,5,1,3,5,5,0,False,False,0,True,False,13,14,14,False,False,False,False,0,True,2,10,2,0,5,54,0,0,0,0,False,test,student-por.csv,435
435,POR,MS,F,16,Urbana,<=3,Separados,2,2,hogar,otro,reputacion,madre,2,4,False,False,True,False,False,False,True,1,2,1,1,1,1,0,False,False,4,True,False,10,9,11,False,False,False,False,0,False,44,1005,29,11,124,2760,0,0,0,0,False,test,student-por.csv,436
436,POR,MS,F,15,Rural,<=3,Juntos,1,1,hogar,servicios,reputacion,padre,2,2,False,True,False,True,True,True,False,5,4,3,1,2,4,0,False,False,0,True,False,10,10,10,False,False,False,False,0,False,7,106,7,2,27,402,0,0,0,0,False,train,student-por.csv,437
437,POR,MS,F,15,Rural,<=3,Juntos,1,1,otro,servicios,oferta,madre,2,1,False,True,False,True,True,True,True,4,4,3,1,2,2,1,False,False,4,True,False,6,7,8,False,False,False,False,1,False,5,40,5,1,16,201,0,0,1,3,False,train,student-por.csv,438
438,POR,MS,F,16,Rural,>3,Juntos,0,2,otro,otro,otro,madre,2,1,False,True,True,True,True,False,False,3,2,3,1,2,2,0,False,False,0,True,False,12,11,12,False,False,False,False,0,False,3,26,3,1,6,70,0,0,0,0,False,train,student-por.csv,439
439,POR,MS,F,17,Rural,>3,Juntos,2,3,otro,otro,oferta,madre,2,1,False,True,False,True,True,True,False,5,5,5,1,3,3,0,False,False,2,True,False,10,11,12,False,False,False,False,0,False,16,303,14,4,40,910,0,0,0,0,False,train,student-por.csv,440
440,POR,MS,F,15,Rural,>3,Juntos,3,3,otro,servicios,oferta,padre,2,1,False,False,False,False,True,True,False,4,1,3,1,1,4,0,False,False,0,True,False,14,16,16,False,False,False,False,0,True,17,234,14,2,31,483,0,0,0,0,False,train,student-por.csv,441
441,POR,MS,M,16,Urbana,>3,Juntos,1,1,hogar,servicios,cercania,madre,2,2,False,True,True,True,True,False,True,5,4,5,4,5,3,0,False,False,0,False,False,7,0,0,False,True,True,False,1,,9,168,8,1,41,1230,2,1,1,3,True,train,student-por.csv,442
442,POR,MS,M,17,Urbana,>3,Juntos,1,1,otro,otro,cercania,madre,1,2,False,False,False,False,True,True,False,4,4,3,2,4,5,0,False,True,4,True,False,8,9,9,False,False,False,False,1,False,61,1710,42,16,168,4287,3,3,1,2,True,train,student-por.csv,443
443,POR,MS,M,15,Rural,<=3,Juntos,4,1,salud,servicios,reputacion,padre,1,2,False,True,True,True,True,True,False,5,3,4,1,2,2,0,False,False,0,True,False,12,13,14,False,False,False,False,0,True,38,844,27,13,99,2184,0,0,0,0,False,train,student-por.csv,444
444,POR,MS,M,15,Rural,<=3,Juntos,4,1,salud,servicios,reputacion,padre,1,2,False,True,True,True,True,True,False,5,3,4,1,2,2,0,False,False,7,True,False,7,9,8,False,False,False,False,1,False,30,716,28,10,89,1768,5,3,1,3,True,test,student-por.csv,445
445,POR,MS,M,16,Rural,>3,Juntos,3,4,otro,salud,otro,madre,3,2,False,False,False,False,True,False,False,3,4,5,1,2,5,0,False,False,4,True,False,9,10,11,False,False,False,False,0,False,8,141,6,3,18,287,4,3,1,2,False,train,student-por.csv,446
446,POR,MS,M,15,Rural,>3,Juntos,1,1,otro,otro,oferta,madre,4,2,False,True,True,True,True,False,True,5,4,5,2,4,4,0,False,False,8,True,False,7,9,9,False,False,False,False,1,False,4,100,4,0,11,198,1,0,0,0,False,train,student-por.csv,447
447,POR,MS,M,15,Urbana,<=3,Juntos,3,3,hogar,hogar,reputacion,padre,1,2,False,True,True,True,True,True,False,5,3,3,1,1,5,0,False,False,0,True,False,11,11,11,False,False,False,False,0,False,23,667,21,4,79,2099,0,0,1,1,True,test,student-por.csv,448
448,POR,MS,M,17,Rural,>3,Juntos,2,1,otro,otro,otro,madre,3,1,False,False,True,True,False,False,True,5,5,5,5,5,3,0,False,False,8,True,False,8,10,9,False,False,False,False,1,False,5,51,4,0,12,152,0,0,1,2,False,train,student-por.csv,449
449,POR,MS,F,16,Rural,>3,Juntos,4,4,docente,docente,oferta,madre,2,3,False,False,True,True,True,True,True,4,2,2,1,1,4,0,False,False,6,True,False,16,16,17,False,False,False,False,0,True,31,613,23,5,77,1803,2,2,0,0,False,train,student-por.csv,450
450,POR,MS,F,15,Rural,>3,Juntos,1,2,otro,servicios,oferta,madre,2,1,False,False,False,True,True,False,False,5,1,2,1,1,1,0,False,False,3,True,False,11,13,13,False,False,False,False,0,True,22,409,18,5,57,1366,0,0,0,0,False,train,student-por.csv,451
451,POR,MS,F,16,Rural,>3,Juntos,2,3,otro,servicios,oferta,madre,3,2,False,True,False,True,True,True,False,4,5,4,1,2,1,0,False,False,2,True,False,15,15,15,False,False,False,False,0,True,7,159,7,3,34,506,0,0,0,0,False,train,student-por.csv,452
452,POR,MS,M,16,Rural,>3,Juntos,1,2,otro,otro,oferta,padre,2,2,False,False,False,True,True,False,False,4,3,3,1,1,5,0,False,False,0,True,False,10,11,11,False,False,False,False,0,False,38,1209,30,6,107,3373,0,0,0,0,False,train,student-por.csv,453
453,POR,MS,F,16,Rural,>3,Juntos,2,2,otro,otro,oferta,madre,3,2,False,True,False,True,True,True,False,4,4,5,1,1,4,0,False,False,4,True,False,9,10,11,False,False,False,False,0,False,41,859,33,13,125,2878,1,1,1,2,True,train,student-por.csv,454
454,POR,MS,F,16,Urbana,>3,Juntos,1,2,otro,servicios,oferta,madre,1,3,False,True,False,True,True,False,False,1,3,2,1,2,4,1,False,False,0,True,False,10,8,8,False,False,False,False,1,False,81,2142,45,18,180,5111,0,0,0,0,False,train,student-por.csv,455
455,POR,MS,F,16,Urbana,>3,Juntos,1,2,otro,servicios,oferta,madre,1,3,False,True,False,True,True,False,False,1,3,2,1,2,4,1,False,False,3,True,False,9,8,8,False,False,False,False,1,False,17,328,16,1,31,579,2,2,0,0,False,test,student-por.csv,456
456,POR,MS,F,15,Urbana,>3,Juntos,2,1,hogar,otro,cercania,madre,1,2,True,True,False,False,True,True,False,4,4,2,3,3,2,0,False,False,0,True,False,9,10,9,False,False,False,False,1,False,26,807,23,5,79,1939,1,1,1,2,True,train,student-por.csv,457
457,POR,MS,F,16,Urbana,>3,Juntos,1,1,hogar,otro,oferta,padre,1,2,False,True,False,False,True,False,True,5,4,3,2,1,2,0,False,False,0,True,False,13,14,15,False,False,False,False,0,True,3,55,3,0,26,684,0,0,0,0,False,train,student-por.csv,458
458,POR,MS,M,17,Rural,<=3,Juntos,1,2,hogar,servicios,reputacion,madre,1,1,False,True,True,True,True,True,False,5,5,5,5,5,3,0,False,False,4,True,False,10,11,11,False,False,False,False,0,False,8,133,7,3,17,225,0,0,0,0,False,train,student-por.csv,459
459,POR,MS,F,16,Rural,>3,Juntos,1,1,otro,otro,cercania,padre,4,4,False,True,False,False,True,True,False,4,3,2,1,1,1,0,False,False,0,True,False,13,10,13,False,False,False,False,0,True,53,1358,37,7,119,2773,0,0,0,0,False,train,student-por.csv,460
460,POR,MS,F,16,Rural,>3,Juntos,1,1,hogar,otro,otro,padre,4,3,True,True,False,True,True,False,False,4,4,3,1,1,5,0,False,False,2,True,False,10,9,10,False,False,False,False,0,False,18,455,17,2,53,1115,0,0,0,0,False,train,student-por.csv,461
461,POR,MS,F,15,Rural,>3,Juntos,1,1,hogar,otro,cercania,padre,2,2,False,True,True,True,True,True,False,4,3,3,1,1,2,0,False,False,1,True,False,11,10,11,False,False,False,False,0,False,27,672,21,5,65,1365,0,0,0,0,False,train,student-por.csv,462
462,POR,MS,F,16,Rural,>3,Juntos,1,1,hogar,otro,otro,madre,2,1,False,False,True,True,True,True,True,4,2,2,4,3,2,0,False,False,0,True,False,13,12,14,False,False,False,False,0,True,5,85,5,0,13,168,0,0,0,0,False,test,student-por.csv,463
463,POR,MS,F,15,Rural,>3,Juntos,1,1,hogar,hogar,oferta,padre,3,2,False,True,False,True,True,False,False,4,2,1,1,2,2,0,False,False,0,True,False,13,14,14,False,False,False,False,0,True,3,48,3,0,5,66,0,0,0,0,False,train,student-por.csv,464
464,POR,MS,F,15,Rural,<=3,Juntos,2,2,otro,otro,otro,padre,1,3,True,True,False,True,True,False,False,4,4,3,2,2,5,0,False,False,2,True,False,14,11,12,False,False,False,False,0,False,0,0,0,0,2,26,0,0,0,0,False,train,student-por.csv,465
465,POR,MS,M,16,Rural,>3,Juntos,1,1,hogar,otro,otro,padre,2,1,False,False,True,True,True,False,False,3,4,4,3,4,5,0,False,False,6,True,False,11,11,11,False,False,False,False,0,False,2,7,2,1,5,38,0,0,0,0,False,test,student-por.csv,466
466,POR,MS,F,18,Urbana,>3,Juntos,1,2,otro,otro,oferta,padre,1,2,False,True,True,True,True,True,True,3,4,4,2,3,5,1,False,False,9,True,False,9,8,8,False,False,False,False,1,False,13,189,13,2,28,477,1,1,1,2,True,test,student-por.csv,467
467,POR,MS,M,15,Urbana,>3,Juntos,3,1,otro,servicios,cercania,madre,2,1,False,True,False,True,True,False,False,3,2,3,1,3,4,0,False,False,0,True,False,10,9,11,False,False,False,False,0,False,13,220,12,4,27,410,0,0,0,0,False,train,student-por.csv,468
468,POR,MS,F,16,Rural,>3,Juntos,2,2,otro,servicios,oferta,padre,3,2,False,True,True,True,True,True,False,5,3,4,1,1,2,0,False,False,1,True,False,14,13,14,False,False,False,False,0,True,26,573,22,7,87,2106,0,0,0,0,False,train,student-por.csv,469
469,POR,MS,M,15,Urbana,>3,Juntos,2,2,salud,otro,reputacion,madre,3,1,False,False,False,True,True,False,False,4,3,3,1,2,4,0,False,False,1,True,False,13,12,13,False,False,False,False,0,True,2,26,2,1,9,146,0,0,0,0,False,train,student-por.csv,470
470,POR,MS,M,16,Urbana,>3,Juntos,4,4,otro,docente,oferta,padre,1,2,False,True,True,True,True,False,True,4,3,1,1,1,3,0,False,False,0,True,False,13,12,13,False,False,False,False,0,True,8,104,7,1,16,183,0,0,0,0,False,train,student-por.csv,471
471,POR,MS,F,15,Rural,>3,Juntos,3,3,servicios,otro,reputacion,madre,1,2,False,True,False,True,True,True,True,4,5,4,1,1,1,0,False,False,4,True,False,13,12,12,False,False,False,False,0,False,19,355,16,5,47,1032,0,0,0,0,False,train,student-por.csv,472
472,POR,MS,F,16,Rural,>3,Juntos,2,2,hogar,otro,oferta,madre,2,2,False,True,True,False,True,False,False,4,4,4,2,3,5,1,False,False,2,True,False,12,11,12,False,False,False,False,0,False,19,400,16,3,42,823,1,1,0,0,False,train,student-por.csv,473
473,POR,MS,F,16,Rural,<=3,Juntos,2,2,otro,otro,cercania,padre,3,1,False,True,True,True,True,False,True,4,3,2,1,1,4,0,False,False,0,True,False,14,14,16,False,False,False,False,0,True,5,42,5,0,12,138,0,0,0,0,False,train,student-por.csv,474
474,POR,MS,M,16,Urbana,<=3,Juntos,2,1,hogar,servicios,oferta,madre,2,1,False,True,True,True,True,True,False,2,4,3,2,3,4,0,False,False,4,True,False,10,8,10,False,False,False,False,0,False,6,116,5,0,22,423,0,0,0,0,False,train,student-por.csv,475
475,POR,MS,M,15,Rural,<=3,Juntos,1,3,hogar,otro,reputacion,padre,3,1,False,True,True,True,True,True,False,4,2,4,3,5,3,0,False,False,2,True,False,10,11,11,False,False,False,False,0,False,33,656,28,2,101,2002,0,0,0,0,False,test,student-por.csv,476
476,POR,MS,F,15,Urbana,>3,Juntos,2,2,otro,servicios,oferta,madre,2,3,False,True,True,True,True,False,False,5,3,2,1,1,4,0,False,False,0,True,False,12,13,14,False,False,False,False,0,True,19,338,17,2,48,854,0,0,0,0,False,train,student-por.csv,477
477,POR,MS,F,16,Rural,<=3,Juntos,2,1,otro,otro,cercania,madre,1,1,False,True,False,True,True,True,True,5,4,3,1,1,5,0,False,False,2,True,False,10,8,8,False,False,False,False,1,False,28,523,24,6,64,1147,0,0,0,0,False,test,student-por.csv,478
478,POR,MS,M,15,Urbana,>3,Juntos,3,3,servicios,servicios,oferta,padre,2,1,False,True,True,False,True,True,False,4,3,3,2,4,3,0,False,False,11,True,False,12,10,11,False,False,False,False,0,False,9,143,8,4,17,293,0,0,0,0,False,train,student-por.csv,479
479,POR,MS,F,16,Rural,>3,Juntos,1,1,hogar,otro,oferta,padre,2,2,True,True,False,True,True,False,False,3,4,3,1,1,1,3,True,False,0,True,False,7,7,8,False,False,False,False,1,False,2,53,2,0,11,183,3,3,1,3,False,train,student-por.csv,480
480,POR,MS,F,17,Urbana,>3,Juntos,2,2,otro,hogar,oferta,madre,1,1,False,True,True,True,False,False,False,4,5,3,1,1,5,0,False,False,4,True,False,9,9,10,False,False,False,False,0,False,35,721,28,8,93,1795,3,2,1,2,False,train,student-por.csv,481
481,POR,MS,F,19,Urbana,>3,Juntos,2,3,hogar,servicios,oferta,otro,1,1,False,False,False,True,False,True,True,4,4,4,1,1,2,1,False,False,0,True,False,9,9,10,False,False,False,False,0,False,4,67,4,1,6,89,2,0,1,2,False,train,student-por.csv,482
482,POR,MS,F,17,Rural,>3,Juntos,2,1,hogar,otro,oferta,madre,3,1,False,True,True,True,False,False,True,5,5,3,1,1,3,0,False,False,2,True,False,9,10,11,False,False,False,False,0,False,19,382,14,3,47,963,2,1,1,2,True,train,student-por.csv,483
483,POR,MS,F,15,Rural,<=3,Juntos,1,1,hogar,otro,oferta,madre,2,1,False,True,False,True,False,False,True,5,2,1,1,3,4,0,False,False,0,True,False,9,10,9,False,False,False,False,1,False,3,49,3,0,10,132,1,1,1,2,True,train,student-por.csv,484
484,POR,MS,F,16,Rural,>3,Juntos,2,2,otro,otro,oferta,padre,3,2,False,True,False,True,False,True,False,3,4,5,1,2,1,0,False,False,1,True,False,9,10,11,False,False,False,False,0,False,10,240,10,1,54,1174,0,0,1,2,True,test,student-por.csv,485
485,POR,MS,F,16,Urbana,<=3,Separados,2,2,otro,otro,cercania,madre,1,1,False,True,False,True,False,False,False,4,3,4,1,2,1,0,False,False,6,True,False,7,7,8,False,False,False,False,1,False,7,143,7,1,13,270,0,0,1,3,False,train,student-por.csv,486
486,POR,MS,F,17,Rural,>3,Juntos,2,2,hogar,otro,oferta,madre,2,2,False,True,False,True,True,True,False,4,3,5,1,2,4,0,False,False,0,True,False,11,10,11,False,False,False,False,0,False,9,205,8,2,33,632,0,0,0,0,False,train,student-por.csv,487
487,POR,MS,F,16,Urbana,>3,Juntos,2,2,otro,servicios,oferta,padre,1,1,False,True,True,False,True,True,False,4,4,3,1,4,3,1,False,True,1,True,False,9,10,10,False,False,False,False,0,False,3,59,3,0,17,302,3,3,1,2,False,train,student-por.csv,488
488,POR,MS,F,18,Rural,<=3,Separados,3,2,otro,otro,oferta,otro,2,3,False,True,False,False,False,False,True,3,3,2,1,1,2,2,False,False,6,True,False,7,9,10,False,False,False,False,0,False,6,127,6,2,16,302,1,1,1,3,True,train,student-por.csv,489
489,POR,MS,F,19,Urbana,>3,Juntos,1,1,hogar,servicios,oferta,madre,1,3,False,False,True,True,False,False,True,5,3,1,1,1,3,1,False,False,6,True,False,7,9,9,False,False,False,False,1,False,1,11,1,0,7,106,0,0,0,0,False,test,student-por.csv,490
490,POR,MS,M,18,Rural,>3,Juntos,1,1,otro,otro,cercania,madre,2,1,False,False,True,True,False,True,False,4,4,3,3,4,4,1,False,False,0,True,False,8,9,10,False,False,False,False,0,False,8,103,8,5,20,314,1,0,1,2,False,train,student-por.csv,491
491,POR,MS,F,18,Rural,>3,Juntos,1,1,hogar,hogar,oferta,madre,2,1,False,False,False,False,False,True,True,3,2,3,1,1,2,1,False,False,4,True,False,9,11,10,False,False,False,False,0,False,9,149,9,1,18,307,1,1,0,0,False,test,student-por.csv,492
492,POR,MS,F,19,Urbana,>3,Juntos,1,1,otro,otro,oferta,otro,2,2,False,True,False,True,True,True,True,1,1,4,4,1,1,1,False,False,12,True,False,7,8,9,False,False,False,False,1,False,16,452,15,5,38,749,0,0,1,3,True,train,student-por.csv,493
493,POR,MS,F,16,Rural,>3,Separados,2,2,salud,otro,oferta,madre,1,2,False,False,False,False,True,False,True,3,3,2,1,1,3,0,False,False,2,True,False,8,10,10,False,False,False,False,0,False,0,0,0,0,5,50,1,1,1,2,True,train,student-por.csv,494
494,POR,MS,F,17,Urbana,>3,Juntos,0,1,otro,hogar,oferta,padre,2,1,False,False,True,False,True,False,False,2,4,4,3,5,5,0,False,False,5,True,False,9,9,10,False,False,False,False,0,False,12,299,11,2,38,813,1,1,1,2,False,train,student-por.csv,495
495,POR,MS,F,16,Rural,<=3,Juntos,1,2,hogar,otro,oferta,madre,1,2,False,False,True,True,False,True,False,4,4,5,1,3,3,0,False,False,0,True,False,8,9,9,False,False,False,False,1,False,3,28,2,0,11,144,1,1,1,2,True,train,student-por.csv,496
496,POR,MS,F,16,Urbana,>3,Juntos,3,3,otro,otro,reputacion,madre,1,1,False,False,True,True,False,True,True,4,5,4,1,1,4,0,False,False,0,True,False,14,13,13,False,False,False,False,0,True,3,53,3,0,22,353,0,0,0,0,False,train,student-por.csv,497
497,POR,MS,F,16,Rural,<=3,Juntos,1,1,servicios,servicios,cercania,madre,1,1,False,True,True,True,True,True,True,4,4,4,2,2,4,0,False,False,2,True,False,14,14,14,False,False,False,False,0,True,0,0,0,0,6,85,0,0,0,0,False,train,student-por.csv,498
498,POR,MS,M,17,Urbana,>3,Juntos,3,3,servicios,hogar,oferta,madre,2,4,False,True,True,True,True,False,False,5,4,5,3,4,5,1,False,True,0,True,False,10,11,10,False,False,False,False,0,False,19,362,17,6,55,978,0,0,0,0,False,train,student-por.csv,499
499,POR,MS,F,16,Urbana,>3,Juntos,2,1,otro,servicios,oferta,madre,1,2,False,True,True,True,True,True,False,5,3,3,1,1,1,0,False,False,0,True,False,14,13,14,False,False,False,False,0,True,7,113,6,3,16,303,0,0,0,0,False,test,student-por.csv,500
500,POR,MS,F,16,Urbana,>3,Juntos,2,2,servicios,otro,oferta,madre,1,1,False,True,True,True,True,False,True,4,2,5,1,2,5,0,False,True,0,True,False,17,16,16,False,False,False,False,0,True,3,49,3,1,6,95,0,0,0,0,False,train,student-por.csv,501
501,POR,MS,M,17,Urbana,>3,Juntos,1,2,otro,otro,oferta,padre,1,1,False,True,True,True,False,True,True,5,3,5,5,5,1,1,False,False,12,True,False,6,7,7,False,False,False,False,1,False,13,200,11,6,34,582,3,2,1,3,True,train,student-por.csv,502
502,POR,MS,M,16,Urbana,<=3,Juntos,4,3,otro,otro,oferta,padre,1,1,False,False,True,True,True,True,False,4,2,5,1,5,5,0,False,False,8,True,False,14,12,13,False,False,False,False,0,True,3,53,3,1,17,355,0,0,1,1,True,train,student-por.csv,503
503,POR,MS,M,17,Rural,<=3,Juntos,2,2,servicios,servicios,otro,madre,3,4,False,True,False,True,True,False,False,1,3,5,3,5,3,1,False,False,2,True,False,10,8,9,False,False,False,False,1,False,10,379,8,2,22,572,0,0,0,0,False,train,student-por.csv,504
504,POR,MS,F,16,Urbana,>3,Juntos,1,1,otro,otro,oferta,otro,1,4,True,True,True,True,True,True,False,2,2,1,1,1,5,0,False,False,0,True,False,14,14,14,False,False,False,False,0,True,36,887,27,5,99,2375,0,0,0,0,False,train,student-por.csv,505
505,POR,MS,F,19,Urbana,<=3,Juntos,2,2,otro,otro,cercania,madre,1,3,False,False,False,True,True,True,True,5,4,5,1,1,1,0,False,False,0,True,False,12,13,13,False,False,False,False,0,True,7,114,7,2,14,260,0,0,0,0,False,train,student-por.csv,506
506,POR,MS,F,17,Rural,>3,Juntos,1,1,hogar,otro,reputacion,madre,2,1,False,True,True,False,True,True,True,4,4,5,1,2,5,0,False,False,0,True,False,11,11,11,False,False,False,False,0,False,13,211,12,5,30,539,2,1,0,0,False,test,student-por.csv,507
507,POR,MS,F,20,Urbana,>3,Juntos,3,3,hogar,servicios,otro,madre,2,2,False,False,True,True,True,True,True,3,3,4,2,4,3,1,False,False,8,True,False,11,9,10,False,False,False,False,0,False,56,1292,36,17,122,3222,1,1,0,0,False,train,student-por.csv,508
508,POR,MS,F,17,Urbana,<=3,Juntos,1,1,otro,servicios,oferta,padre,1,3,False,True,False,True,True,False,True,4,3,3,1,1,3,0,False,False,0,True,False,11,11,10,False,False,False,False,0,False,22,488,19,3,69,1623,0,0,0,0,False,test,student-por.csv,509
509,POR,MS,M,17,Rural,>3,Juntos,2,2,otro,otro,oferta,madre,3,1,False,True,False,False,True,True,False,4,4,5,1,2,5,1,False,False,0,True,False,10,9,9,False,False,False,False,1,False,4,40,4,1,7,66,3,3,0,0,False,train,student-por.csv,510
510,POR,MS,F,16,Rural,<=3,Juntos,1,1,hogar,otro,oferta,padre,3,2,False,True,False,True,True,False,False,5,3,2,1,1,1,0,False,False,0,True,False,16,17,18,False,False,False,False,0,True,7,121,7,3,14,195,0,0,0,0,False,train,student-por.csv,511
511,POR,MS,F,17,Rural,>3,Juntos,2,2,otro,otro,reputacion,madre,2,2,False,True,True,True,True,False,False,5,3,2,1,1,1,0,False,False,0,True,False,15,17,17,False,False,False,False,0,True,5,68,5,0,11,175,0,0,0,0,False,test,student-por.csv,512
512,POR,MS,F,17,Urbana,>3,Separados,1,0,otro,otro,otro,madre,2,2,False,False,False,True,True,True,True,4,4,5,1,1,4,0,False,False,1,True,False,11,9,10,False,False,False,False,0,False,13,198,12,2,31,493,0,0,0,0,False,train,student-por.csv,513
513,POR,MS,F,18,Rural,>3,Juntos,1,1,hogar,otro,otro,madre,1,2,False,True,False,True,True,True,True,4,3,2,1,1,5,1,False,False,9,True,False,7,7,7,False,False,False,False,1,False,29,815,23,5,70,1621,0,0,1,3,True,train,student-por.csv,514
514,POR,MS,F,16,Urbana,>3,Juntos,3,1,otro,otro,oferta,madre,1,1,False,False,True,True,True,True,False,3,1,3,1,3,1,0,False,False,0,True,False,8,6,8,False,False,False,False,1,False,7,114,6,3,32,477,0,0,1,2,True,train,student-por.csv,515
515,POR,MS,F,16,Urbana,>3,Juntos,3,2,servicios,hogar,oferta,madre,1,1,False,False,False,True,True,True,False,3,1,3,1,4,3,0,False,False,2,True,False,7,6,7,False,False,False,False,1,False,8,116,7,3,22,328,0,0,1,3,True,test,student-por.csv,516
516,POR,MS,F,18,Urbana,<=3,Juntos,1,1,otro,hogar,reputacion,madre,2,2,True,False,False,True,True,False,False,2,3,5,1,4,3,0,False,False,8,True,False,9,8,10,False,False,False,False,0,False,5,53,5,1,19,242,0,0,1,2,False,train,student-por.csv,517
517,POR,MS,F,16,Rural,>3,Juntos,4,4,salud,docente,reputacion,padre,1,2,False,False,True,False,True,True,True,4,3,3,2,3,2,0,False,False,0,True,False,14,16,16,False,False,False,False,0,True,4,48,4,0,14,168,0,0,0,0,False,train,student-por.csv,518
518,POR,MS,F,16,Rural,<=3,Juntos,1,2,otro,otro,reputacion,madre,2,1,False,False,True,True,True,True,False,5,4,5,1,4,2,0,False,False,0,True,False,14,14,15,False,False,False,False,0,True,7,145,7,2,26,419,0,0,0,0,False,train,student-por.csv,519
519,POR,MS,F,18,Urbana,>3,Separados,2,4,otro,servicios,reputacion,padre,1,2,False,True,False,True,True,True,False,2,3,2,1,3,1,1,False,False,8,True,False,8,5,8,False,False,False,False,1,False,11,287,10,4,34,730,2,2,1,2,True,train,student-por.csv,520
520,POR,MS,M,16,Rural,>3,Juntos,2,1,otro,servicios,reputacion,madre,2,2,False,False,True,True,True,True,False,5,2,1,1,1,2,0,False,False,0,False,False,8,7,0,False,False,True,False,1,,29,548,22,5,83,1648,3,2,1,2,True,test,student-por.csv,521
521,POR,MS,F,16,Urbana,<=3,Juntos,1,1,hogar,otro,otro,madre,3,2,False,True,False,True,True,True,False,4,3,2,1,3,5,0,False,False,6,True,False,6,8,8,False,False,False,False,1,False,10,269,9,3,34,781,2,1,1,3,False,train,student-por.csv,522
522,POR,MS,F,16,Rural,>3,Juntos,2,3,hogar,servicios,otro,madre,2,2,False,True,True,True,True,True,False,3,3,3,1,1,2,0,False,False,0,True,False,8,10,10,False,False,False,False,0,False,16,302,14,4,49,837,0,0,1,2,True,train,student-por.csv,523
523,POR,MS,F,16,Urbana,>3,Juntos,4,4,salud,salud,oferta,madre,1,2,False,True,False,True,True,True,True,4,3,4,1,2,3,0,False,False,4,True,False,8,8,8,False,False,False,False,1,False,27,835,24,5,55,1849,3,2,0,0,False,train,student-por.csv,524
524,POR,MS,M,18,Urbana,<=3,Juntos,4,4,hogar,salud,cercania,madre,1,4,False,True,True,True,False,True,True,5,5,5,5,5,5,0,False,False,2,True,False,5,6,6,False,False,False,False,1,False,6,112,6,0,16,258,2,1,1,3,True,train,student-por.csv,525
525,POR,MS,F,16,Rural,<=3,Juntos,3,4,hogar,otro,otro,madre,3,2,False,True,False,False,True,False,False,4,2,1,1,1,2,0,False,False,2,True,False,7,9,8,False,False,False,False,1,False,27,639,22,6,69,1504,3,2,1,3,False,train,student-por.csv,526
526,POR,MS,M,17,Urbana,<=3,Juntos,4,4,otro,servicios,cercania,madre,1,3,False,True,False,True,True,True,False,4,4,3,1,2,5,0,False,False,0,True,False,15,14,16,False,False,False,False,0,True,24,547,22,4,59,1339,4,3,0,0,False,train,student-por.csv,527
527,POR,MS,F,17,Rural,>3,Juntos,4,1,otro,otro,otro,madre,1,1,False,False,False,True,True,True,True,4,2,3,1,2,5,0,False,False,1,True,False,13,14,14,False,False,False,False,0,True,28,585,25,7,85,1914,0,0,0,0,False,test,student-por.csv,528
528,POR,MS,M,16,Urbana,<=3,Juntos,2,2,servicios,servicios,otro,madre,4,3,False,False,False,True,True,False,False,5,1,3,2,2,3,0,False,False,0,True,False,10,9,10,False,False,False,False,0,False,24,518,21,6,62,1289,0,0,0,0,False,train,student-por.csv,529
529,POR,MS,F,17,Rural,>3,Juntos,2,2,hogar,otro,otro,madre,1,1,False,True,False,True,True,True,False,5,1,3,1,2,5,0,False,True,5,True,False,9,9,9,False,False,False,False,1,False,10,170,10,1,26,403,3,3,1,2,True,test,student-por.csv,530
530,POR,MS,F,16,Urbana,<=3,Juntos,4,4,servicios,servicios,otro,padre,2,1,False,True,False,True,True,False,False,5,1,3,1,2,5,0,False,False,1,True,False,11,11,11,False,False,False,False,0,False,47,1738,34,11,120,3610,0,0,0,0,False,train,student-por.csv,531
531,POR,MS,M,17,Urbana,>3,Juntos,3,3,servicios,servicios,cercania,madre,1,1,False,True,True,True,True,True,False,4,1,4,5,5,3,0,False,False,8,True,False,7,10,9,False,False,False,False,1,False,3,55,3,1,10,157,2,2,1,3,False,train,student-por.csv,532
532,POR,MS,M,17,Urbana,>3,Juntos,1,1,hogar,servicios,otro,madre,3,2,False,False,False,True,True,True,True,5,1,3,3,3,1,0,False,False,0,True,False,10,10,10,False,False,False,False,0,False,10,193,9,1,33,590,0,0,0,0,False,train,student-por.csv,533
533,POR,MS,M,16,Urbana,>3,Juntos,2,1,salud,servicios,otro,madre,2,2,False,False,False,False,True,True,True,4,2,2,1,4,5,0,False,False,2,True,False,9,7,8,False,False,False,False,1,False,5,295,5,1,15,381,1,0,1,2,False,train,student-por.csv,534
534,POR,MS,F,16,Urbana,<=3,Juntos,2,1,otro,servicios,otro,madre,1,2,False,False,False,True,True,True,True,3,2,2,1,1,3,0,False,False,0,True,False,14,15,16,False,False,False,False,0,True,18,229,11,4,37,561,0,0,0,0,False,train,student-por.csv,535
535,POR,MS,M,16,Urbana,<=3,Juntos,4,4,docente,salud,otro,padre,1,1,False,True,False,True,True,True,False,4,1,2,2,5,5,0,False,False,0,True,False,11,12,12,False,False,False,False,0,False,9,189,9,2,37,713,0,0,0,0,False,train,student-por.csv,536
536,POR,MS,M,15,Rural,>3,Juntos,1,2,otro,servicios,oferta,madre,3,2,False,True,True,True,True,False,False,5,5,5,1,3,5,0,False,False,11,True,False,9,11,10,False,False,False,False,0,False,22,425,22,5,41,728,5,4,1,2,True,train,student-por.csv,537
537,POR,MS,M,15,Urbana,<=3,Separados,2,2,otro,otro,reputacion,madre,3,4,False,True,True,True,True,False,False,5,4,5,2,3,5,0,False,False,8,True,False,13,14,14,False,False,False,False,0,True,24,625,21,6,61,1428,0,0,0,0,False,test,student-por.csv,538
538,POR,MS,M,15,Urbana,<=3,Separados,2,1,servicios,servicios,oferta,madre,1,1,False,False,True,True,True,True,False,4,3,3,1,2,5,0,False,False,11,True,False,12,13,12,False,False,False,False,0,False,18,735,17,4,60,1506,0,0,0,0,False,train,student-por.csv,539
539,POR,MS,F,16,Rural,<=3,Juntos,2,2,otro,otro,oferta,madre,1,3,False,True,False,False,True,False,True,4,3,3,2,2,5,0,False,False,2,True,False,11,11,11,False,False,False,False,0,False,3,38,3,2,9,141,0,0,0,0,False,train,student-por.csv,540
540,POR,MS,F,16,Urbana,<=3,Juntos,4,1,otro,otro,cercania,madre,2,2,False,True,True,True,True,True,False,1,2,4,2,2,1,0,False,False,8,True,False,9,10,10,False,False,False,False,0,False,20,363,18,5,60,1341,3,3,1,2,True,train,student-por.csv,541
541,POR,MS,F,17,Urbana,>3,Juntos,3,2,hogar,otro,cercania,madre,2,1,False,False,False,True,True,False,True,4,3,3,2,2,1,0,False,False,5,True,False,9,11,11,False,False,False,False,0,False,2,24,2,0,7,80,1,1,1,2,True,train,student-por.csv,542
542,POR,MS,F,17,Rural,>3,Juntos,2,2,otro,otro,otro,madre,2,2,True,False,False,True,True,False,False,5,1,3,1,1,5,0,False,True,0,True,False,11,9,11,False,False,False,False,0,False,2,27,2,1,5,42,0,0,0,0,False,train,student-por.csv,543
543,POR,MS,F,16,Urbana,>3,Juntos,4,4,docente,servicios,oferta,madre,2,3,False,True,False,True,True,True,True,5,3,5,1,4,5,0,False,False,1,True,False,10,11,12,False,False,False,False,0,False,15,331,13,3,45,1041,0,0,0,0,False,train,student-por.csv,544
544,POR,MS,M,17,Rural,>3,Juntos,4,4,salud,otro,oferta,padre,3,1,False,False,True,True,True,True,True,3,3,3,1,3,5,3,True,False,2,True,False,9,9,8,False,False,False,False,1,False,5,72,5,0,17,202,3,2,1,2,False,train,student-por.csv,545
545,POR,MS,M,17,Rural,<=3,Juntos,1,3,otro,otro,oferta,padre,2,1,False,False,True,True,True,False,True,5,1,2,3,3,5,0,False,False,2,True,False,12,11,12,False,False,False,False,0,False,11,156,11,2,24,330,0,0,0,0,False,train,student-por.csv,546
546,POR,MS,M,17,Urbana,>3,Juntos,3,4,servicios,otro,otro,madre,1,2,False,True,True,False,True,True,True,5,4,4,3,4,5,1,False,False,8,True,False,8,9,8,False,False,False,False,1,False,7,104,7,1,14,237,4,3,1,2,True,train,student-por.csv,547
547,POR,MS,F,17,Urbana,>3,Juntos,4,4,salud,salud,oferta,padre,1,2,False,True,False,True,True,True,False,5,2,5,1,1,5,0,False,False,0,True,False,13,15,16,False,False,False,False,0,True,9,242,9,3,32,665,0,0,0,0,False,test,student-por.csv,548
548,POR,MS,M,16,Rural,<=3,Juntos,4,1,otro,hogar,otro,padre,1,1,False,False,False,True,True,True,False,4,1,2,2,1,2,0,False,False,0,True,False,10,11,11,False,False,False,False,0,False,5,71,5,0,11,150,0,0,0,0,False,test,student-por.csv,549
549,POR,MS,F,17,Urbana,>3,Separados,1,1,hogar,hogar,otro,madre,1,2,False,False,True,True,True,True,True,4,5,5,1,2,3,0,False,False,2,True,False,11,10,11,False,False,False,False,0,False,21,342,18,4,62,1403,2,1,0,0,False,train,student-por.csv,550
550,POR,MS,F,17,Rural,>3,Juntos,4,2,otro,otro,oferta,madre,2,2,True,True,False,False,True,True,False,4,3,3,2,3,5,0,False,False,0,True,False,17,18,18,False,False,False,False,0,True,9,165,8,2,32,553,0,0,0,0,False,test,student-por.csv,551
551,POR,MS,M,16,Urbana,<=3,Separados,2,2,otro,servicios,oferta,padre,2,2,False,True,False,False,True,True,True,4,1,2,2,2,5,0,False,False,0,True,False,12,13,13,False,False,False,False,0,True,9,99,8,2,37,656,0,0,0,0,False,train,student-por.csv,552
552,POR,MS,M,17,Urbana,>3,Juntos,3,2,otro,otro,otro,padre,2,2,False,True,False,True,True,True,False,4,1,2,2,2,1,0,False,True,0,True,False,13,14,13,False,False,False,False,0,True,16,259,15,5,40,924,0,0,0,0,False,train,student-por.csv,553
553,POR,MS,M,19,Urbana,>3,Juntos,1,1,otro,otro,otro,madre,1,2,False,True,True,True,False,True,False,4,4,3,3,4,4,2,False,False,2,True,False,9,9,10,False,False,False,False,0,False,7,123,7,1,19,310,1,1,1,2,True,train,student-por.csv,554
554,POR,MS,M,17,Urbana,<=3,Separados,1,0,otro,otro,cercania,madre,1,1,False,False,False,True,True,False,True,4,1,2,1,1,5,0,False,False,4,True,False,11,11,12,False,False,False,False,0,False,33,775,28,12,87,2037,0,0,0,0,False,train,student-por.csv,555
555,POR,MS,F,17,Rural,>3,Juntos,1,1,hogar,hogar,oferta,padre,2,1,False,True,True,True,False,True,True,3,5,5,2,2,4,0,False,False,3,True,False,10,11,10,False,False,False,False,0,False,6,72,6,1,19,234,0,0,0,0,False,train,student-por.csv,556
556,POR,MS,F,16,Rural,>3,Juntos,1,2,otro,otro,cercania,padre,1,3,True,True,False,False,True,True,True,4,3,4,1,1,3,0,False,False,5,True,False,13,14,13,False,False,False,False,0,True,20,354,18,2,42,842,0,0,0,0,False,test,student-por.csv,557
557,POR,MS,M,16,Rural,<=3,Juntos,1,2,otro,hogar,oferta,madre,1,1,False,False,False,True,True,False,False,4,4,4,2,4,5,0,False,False,4,True,False,9,10,11,False,False,False,False,0,False,3,51,3,0,17,534,2,2,1,2,True,train,student-por.csv,558
558,POR,MS,F,17,Rural,>3,Juntos,3,1,otro,otro,oferta,madre,2,2,False,True,True,False,True,True,True,5,4,4,1,1,5,3,True,False,2,True,False,7,9,10,False,False,False,False,0,False,3,34,3,0,5,64,4,3,1,3,False,train,student-por.csv,559
559,POR,MS,M,17,Rural,>3,Juntos,2,2,otro,otro,oferta,madre,2,1,False,False,True,True,False,False,True,5,5,5,3,5,5,0,False,False,0,True,False,8,13,10,False,False,False,False,0,False,2,23,2,0,8,105,3,2,1,2,True,train,student-por.csv,560
560,POR,MS,M,18,Rural,>3,Juntos,1,0,hogar,hogar,oferta,otro,3,1,True,True,False,True,True,False,False,4,3,2,1,1,4,1,False,False,0,True,False,12,12,13,False,False,False,False,0,True,3,42,3,2,6,106,0,0,0,0,False,train,student-por.csv,561
561,POR,MS,M,17,Rural,>3,Juntos,1,1,otro,servicios,oferta,madre,2,1,False,True,True,False,True,True,True,4,5,5,1,3,2,0,False,False,0,True,False,10,9,10,False,False,False,False,0,False,12,178,11,4,30,419,0,0,0,0,False,train,student-por.csv,562
562,POR,MS,M,18,Urbana,<=3,Juntos,1,1,hogar,hogar,oferta,madre,2,2,False,True,True,True,True,False,False,4,3,3,1,4,5,0,False,False,6,True,False,10,9,10,False,False,False,False,0,False,11,177,10,1,19,329,4,2,0,0,False,train,student-por.csv,563
563,POR,MS,F,16,Rural,<=3,Juntos,2,2,otro,servicios,oferta,padre,1,2,False,False,True,True,True,False,True,5,4,3,1,1,1,0,False,False,0,True,False,11,13,12,False,False,False,False,0,False,7,209,7,1,23,501,0,0,0,0,False,train,student-por.csv,564
564,POR,MS,M,17,Urbana,>3,Juntos,2,2,otro,otro,oferta,madre,1,1,False,False,True,True,True,False,True,1,2,1,2,3,5,1,False,False,0,False,False,7,0,0,False,True,True,False,1,,5,73,5,1,15,191,2,1,1,3,False,train,student-por.csv,565
565,POR,MS,M,16,Rural,>3,Juntos,3,2,servicios,otro,oferta,padre,2,1,False,False,False,True,True,True,False,4,5,5,2,3,5,0,False,False,2,True,False,11,9,10,False,False,False,False,0,False,11,193,10,3,22,373,0,0,0,0,False,test,student-por.csv,566
566,POR,MS,M,16,Rural,<=3,Juntos,1,1,hogar,otro,oferta,madre,2,1,False,False,True,True,True,True,False,4,5,5,2,4,5,0,False,False,0,True,False,10,10,9,False,False,False,False,1,False,15,258,15,1,47,930,0,0,0,0,False,train,student-por.csv,567
567,POR,MS,M,18,Rural,>3,Juntos,1,1,servicios,otro,oferta,otro,2,1,False,True,False,True,False,True,True,5,3,3,2,3,5,1,False,False,2,True,False,9,7,9,False,False,False,False,1,False,3,37,3,0,15,193,0,0,1,2,True,train,student-por.csv,568
568,POR,MS,M,18,Rural,>3,Juntos,3,2,servicios,otro,oferta,madre,1,1,False,False,False,True,False,True,False,2,3,1,2,2,5,1,False,False,0,False,False,4,0,0,False,True,True,False,1,,6,91,6,0,9,141,3,2,1,3,True,test,student-por.csv,569
569,POR,MS,M,19,Urbana,>3,Juntos,3,2,hogar,servicios,oferta,madre,2,1,False,False,True,True,True,False,False,3,2,1,1,1,3,3,True,False,4,True,False,6,11,9,False,False,False,False,1,False,3,29,3,1,11,144,2,1,1,3,False,train,student-por.csv,570
570,POR,MS,M,18,Urbana,>3,Juntos,3,3,hogar,hogar,oferta,madre,1,2,False,True,True,True,False,True,False,4,4,5,1,3,3,2,False,False,9,True,False,4,8,8,False,False,False,False,1,False,4,39,4,0,9,114,2,2,1,3,False,train,student-por.csv,571
571,POR,MS,M,16,Rural,>3,Juntos,2,2,servicios,servicios,oferta,madre,2,1,False,True,True,True,True,True,True,5,4,3,2,4,4,0,False,False,6,True,False,7,8,8,False,False,False,False,1,False,5,41,5,2,10,103,1,1,1,3,True,train,student-por.csv,572
572,POR,MS,M,19,Urbana,>3,Juntos,2,1,hogar,otro,oferta,otro,2,1,False,False,True,False,False,True,True,4,4,3,1,3,5,3,True,False,4,True,False,8,9,9,False,False,False,False,1,False,4,55,4,0,9,133,0,0,1,2,True,train,student-por.csv,573
573,POR,MS,F,16,Urbana,>3,Separados,3,2,servicios,hogar,oferta,madre,2,2,False,True,True,True,True,False,True,2,5,5,1,1,1,2,False,False,8,True,False,5,5,7,False,False,False,False,1,False,14,235,14,4,29,506,5,3,1,3,False,test,student-por.csv,574
574,POR,MS,F,17,Urbana,>3,Juntos,1,1,otro,hogar,oferta,madre,1,1,False,True,True,True,True,False,False,4,3,2,1,2,5,0,False,False,9,True,False,7,9,10,False,False,False,False,0,False,0,0,0,0,5,56,3,2,1,3,True,train,student-por.csv,575
575,POR,MS,M,20,Rural,>3,Juntos,1,1,otro,otro,oferta,otro,2,1,False,True,False,True,False,True,True,4,4,3,2,4,4,1,False,False,12,True,False,8,11,10,False,False,False,False,0,False,12,144,10,3,30,511,2,2,0,0,False,train,student-por.csv,576
576,POR,MS,F,18,Rural,>3,Separados,4,3,servicios,servicios,oferta,madre,1,1,False,True,False,True,True,True,False,5,4,4,3,4,2,0,False,False,8,True,False,10,11,10,False,False,False,False,0,False,12,212,11,6,26,415,0,0,0,0,False,test,student-por.csv,577
577,MAT,MS,M,18,Rural,>3,Juntos,3,2,otro,otro,oferta,madre,2,1,False,True,False,False,True,True,False,2,5,5,5,5,5,1,False,False,10,True,False,11,13,13,False,False,False,True,0,True,17,314,17,3,38,637,0,0,0,0,False,train,student-mat.csv,351
577,POR,MS,M,18,Rural,>3,Juntos,3,2,otro,otro,oferta,madre,2,1,False,True,False,False,True,True,False,2,5,5,5,5,5,0,False,False,8,True,False,9,10,11,False,False,False,True,0,False,22,492,21,3,66,1552,0,0,1,2,True,train,student-por.csv,578
578,MAT,MS,M,19,Rural,>3,Juntos,1,1,otro,servicios,cercania,otro,3,2,False,False,False,True,True,True,False,5,4,4,3,3,2,3,True,False,8,True,False,8,7,8,False,False,False,True,1,False,5,109,5,1,15,441,1,0,1,2,True,train,student-mat.csv,352
578,POR,MS,M,19,Rural,>3,Juntos,1,1,otro,servicios,cercania,otro,3,2,False,False,False,True,True,True,False,5,4,4,3,3,2,1,False,False,8,True,False,10,9,11,False,False,False,True,0,False,21,477,17,5,51,1201,0,0,0,0,False,train,student-por.csv,579
579,MAT,MS,M,17,Urbana,>3,Juntos,3,3,salud,otro,oferta,madre,2,2,False,True,False,True,True,True,False,4,5,4,2,3,3,0,False,True,2,True,False,13,13,13,False,False,False,True,0,True,6,83,6,0,16,280,0,0,0,0,False,train,student-mat.csv,353
579,POR,MS,M,17,Urbana,>3,Juntos,3,3,salud,otro,oferta,madre,2,2,False,True,False,True,True,True,False,4,5,4,2,3,3,1,False,False,4,True,False,8,9,10,False,False,False,True,0,False,1,11,1,0,6,70,1,1,1,2,True,train,student-por.csv,580
580,MAT,MS,M,18,Urbana,<=3,Juntos,1,3,hogar,servicios,oferta,madre,1,1,False,False,False,True,False,True,True,4,3,3,2,3,3,1,False,False,7,True,False,8,7,8,False,False,False,True,1,False,7,146,7,2,34,716,3,2,1,2,True,test,student-mat.csv,354
580,POR,MS,M,18,Urbana,<=3,Juntos,1,3,hogar,servicios,oferta,madre,1,1,False,False,False,True,False,True,True,4,3,3,2,3,3,0,False,False,0,True,False,9,10,9,False,False,False,True,1,False,5,53,4,0,25,327,2,1,1,2,False,test,student-por.csv,581
581,MAT,MS,M,19,Rural,>3,Juntos,1,1,otro,otro,cercania,otro,3,1,False,True,False,True,True,True,False,4,4,4,3,3,5,1,False,False,4,True,False,8,8,8,False,False,False,True,1,False,0,0,0,0,1,11,1,1,1,2,True,train,student-mat.csv,355
581,POR,MS,M,19,Rural,>3,Juntos,1,1,otro,otro,cercania,otro,3,1,False,True,False,True,True,True,False,4,4,4,3,3,5,1,False,False,4,True,False,8,9,10,False,False,False,True,0,False,1,5,1,0,1,5,0,0,1,2,True,train,student-por.csv,582
582,POR,MS,F,18,Urbana,>3,Separados,1,2,hogar,otro,oferta,madre,2,2,False,True,False,True,True,False,False,4,3,3,1,1,5,2,False,False,2,True,False,6,8,8,False,False,False,False,1,False,0,0,0,0,3,43,2,2,1,3,False,train,student-por.csv,583
583,POR,MS,F,19,Urbana,<=3,Separados,1,1,hogar,otro,oferta,madre,1,1,False,True,False,True,False,False,False,1,4,4,1,1,5,0,False,False,0,True,False,6,8,7,False,False,False,False,1,False,2,21,2,0,4,43,2,1,1,3,True,train,student-por.csv,584
584,POR,MS,F,18,Rural,>3,Juntos,2,2,otro,otro,otro,madre,2,1,False,False,False,True,False,True,True,5,5,5,1,1,3,1,False,False,0,False,False,8,6,0,False,False,True,False,1,,1,5,1,0,3,26,2,2,0,0,False,train,student-por.csv,585
585,POR,MS,F,17,Rural,>3,Juntos,0,0,hogar,otro,oferta,madre,2,1,False,True,False,True,True,True,False,4,4,3,1,1,5,0,False,False,0,True,False,10,11,11,False,False,False,False,0,False,15,241,14,1,53,881,0,0,0,0,False,train,student-por.csv,586
586,POR,MS,F,17,Rural,<=3,Separados,3,1,otro,hogar,oferta,otro,2,3,False,True,False,True,False,False,False,4,2,3,2,2,3,0,False,True,5,True,False,8,7,8,False,False,False,False,1,False,39,1145,30,13,89,2152,4,2,1,2,False,train,student-por.csv,587
587,POR,MS,F,17,Urbana,>3,Juntos,4,2,docente,servicios,cercania,madre,1,2,True,True,True,True,True,True,False,5,5,5,1,3,5,0,False,False,0,False,False,8,8,0,False,False,True,False,1,,5,303,5,2,22,601,0,0,1,2,False,train,student-por.csv,588
588,POR,MS,F,18,Rural,<=3,Juntos,2,2,servicios,servicios,oferta,madre,1,2,False,True,True,True,True,True,False,2,3,3,1,2,4,1,False,False,3,True,False,7,6,8,False,False,False,False,1,False,10,141,9,2,20,310,0,0,1,3,True,train,student-por.csv,589
589,POR,MS,F,17,Urbana,>3,Juntos,4,1,salud,hogar,oferta,madre,1,1,False,True,False,True,True,False,True,3,2,2,1,1,5,0,False,False,0,True,False,8,10,9,False,False,False,False,1,False,16,310,15,2,47,887,1,0,1,2,True,test,student-por.csv,590
590,POR,MS,F,17,Urbana,<=3,Juntos,1,2,hogar,otro,oferta,padre,1,1,False,False,False,True,True,True,False,5,5,1,1,1,3,0,False,False,0,True,False,7,10,10,False,False,False,False,0,False,16,352,13,5,50,1254,3,3,1,3,True,train,student-por.csv,591
591,POR,MS,F,18,Urbana,>3,Juntos,1,1,otro,otro,oferta,madre,3,2,False,False,True,True,True,False,True,3,4,4,2,2,5,2,False,False,3,True,False,7,8,7,False,False,False,False,1,False,2,14,1,0,7,106,0,0,1,3,True,train,student-por.csv,592
592,POR,MS,F,18,Urbana,>3,Juntos,2,2,servicios,hogar,reputacion,padre,2,2,False,False,True,False,True,True,False,4,3,5,1,1,1,0,False,False,2,True,False,12,13,14,False,False,False,False,0,True,26,443,22,5,78,1772,0,0,0,0,False,train,student-por.csv,593
593,POR,MS,F,17,Urbana,>3,Juntos,3,3,servicios,servicios,oferta,madre,2,1,False,True,False,True,True,True,False,4,4,3,1,1,4,0,False,False,0,True,False,11,12,13,False,False,False,False,0,True,59,1369,43,15,147,3515,0,0,0,0,False,test,student-por.csv,594
594,POR,MS,F,18,Urbana,<=3,Separados,1,2,hogar,otro,reputacion,madre,2,2,False,False,False,True,True,True,False,4,4,3,1,2,4,0,False,False,0,True,False,12,13,14,False,False,False,False,0,True,2,27,2,0,11,167,0,0,0,0,False,train,student-por.csv,595
595,POR,MS,F,18,Urbana,>3,Juntos,4,4,docente,docente,reputacion,madre,2,2,False,False,True,False,True,True,False,4,3,5,1,2,1,0,False,False,0,True,False,18,18,18,False,False,False,False,0,True,5,75,5,2,23,367,0,0,0,0,False,train,student-por.csv,596
596,POR,MS,M,18,Urbana,<=3,Juntos,4,4,servicios,otro,reputacion,madre,1,1,False,True,True,True,True,True,False,5,4,5,1,1,5,0,False,False,3,True,False,17,17,17,False,False,False,False,0,True,18,390,15,4,49,962,0,0,0,0,False,test,student-por.csv,597
597,POR,MS,F,17,Urbana,>3,Juntos,4,2,otro,otro,oferta,madre,2,2,False,True,False,True,True,True,False,4,3,3,1,2,4,0,False,False,0,True,False,17,18,18,False,False,False,False,0,True,11,467,11,3,39,1021,0,0,0,0,False,train,student-por.csv,598
598,POR,MS,F,18,Rural,>3,Juntos,2,2,hogar,otro,oferta,madre,3,2,False,False,True,True,True,False,True,4,3,3,1,1,4,1,False,False,0,False,False,9,0,0,False,True,True,False,1,,15,265,12,4,32,541,1,1,1,2,False,train,student-por.csv,599
599,POR,MS,M,18,Urbana,<=3,Juntos,1,2,hogar,servicios,cercania,madre,2,1,False,True,False,False,True,False,False,4,1,4,5,5,1,0,False,False,8,True,False,10,11,11,False,False,False,False,0,False,9,148,7,1,32,538,0,0,0,0,False,train,student-por.csv,600
600,POR,MS,M,18,Rural,>3,Juntos,4,4,hogar,servicios,otro,madre,3,1,False,True,True,True,True,True,True,2,5,5,1,1,1,0,False,True,5,True,False,12,13,14,False,False,False,False,0,True,6,82,6,0,11,161,0,0,0,0,False,train,student-por.csv,601
601,POR,MS,M,17,Rural,>3,Juntos,1,1,otro,servicios,otro,padre,3,1,False,False,False,False,False,False,False,4,2,3,3,4,4,0,False,False,4,True,False,12,13,14,False,False,False,False,0,True,7,101,7,1,26,618,0,0,0,0,False,train,student-por.csv,602
602,POR,MS,F,18,Urbana,>3,Juntos,2,2,otro,otro,oferta,madre,2,2,False,True,False,False,True,True,True,1,3,1,1,1,2,0,False,False,4,True,False,8,8,10,False,False,False,False,0,False,14,245,12,3,27,415,1,0,1,2,True,train,student-por.csv,603
603,POR,MS,F,18,Urbana,<=3,Juntos,2,2,servicios,servicios,oferta,padre,2,3,False,False,False,True,True,True,True,5,4,5,1,4,3,0,False,False,0,True,False,11,12,13,False,False,False,False,0,True,33,688,25,13,103,2269,0,0,0,0,False,train,student-por.csv,604
604,POR,MS,F,18,Rural,<=3,Separados,4,2,docente,otro,reputacion,madre,1,2,False,False,True,True,True,True,True,5,3,1,1,1,5,0,False,False,0,False,False,5,0,0,False,True,True,False,1,,14,184,14,2,31,718,0,0,1,3,False,test,student-por.csv,605
605,POR,MS,F,18,Urbana,>3,Juntos,1,1,hogar,servicios,oferta,madre,3,2,False,False,False,True,False,False,False,4,4,2,1,2,2,1,False,False,2,True,False,9,10,10,False,False,False,False,0,False,3,30,3,3,5,48,0,0,0,0,False,train,student-por.csv,606
606,POR,MS,F,19,Urbana,>3,Juntos,1,1,hogar,servicios,otro,padre,2,1,False,False,False,True,False,False,False,5,5,5,2,3,2,1,False,False,0,False,False,5,0,0,False,True,True,False,1,,6,99,6,1,18,376,1,1,1,3,True,train,student-por.csv,607
607,POR,MS,F,17,Urbana,>3,Juntos,4,2,docente,otro,oferta,padre,2,4,False,False,False,True,True,True,True,4,2,3,3,1,5,0,False,False,0,True,False,18,18,18,False,False,False,False,0,True,155,4680,61,30,453,14871,0,0,0,0,False,train,student-por.csv,608
608,POR,MS,F,17,Rural,<=3,Separados,2,1,servicios,otro,reputacion,madre,2,2,False,False,True,True,True,True,True,5,3,3,1,2,2,0,False,False,5,True,False,11,11,12,False,False,False,False,0,False,12,187,11,2,28,536,0,0,0,0,False,train,student-por.csv,609
609,POR,MS,F,18,Urbana,<=3,Separados,1,1,hogar,servicios,oferta,madre,1,2,False,False,False,True,True,False,True,5,2,3,1,2,3,0,False,False,2,True,False,8,10,11,False,False,False,False,0,False,3,35,3,1,11,118,2,1,1,2,False,test,student-por.csv,610
610,POR,MS,F,18,Urbana,>3,Juntos,1,2,hogar,hogar,oferta,padre,2,2,False,True,False,True,False,False,False,4,1,1,1,1,4,0,False,False,0,True,False,11,11,12,False,False,False,False,0,False,9,150,9,4,16,272,0,0,0,0,False,test,student-por.csv,611
611,POR,MS,F,19,Rural,>3,Separados,1,1,hogar,hogar,oferta,otro,2,2,False,True,True,True,False,False,True,3,5,4,1,4,1,3,True,False,0,False,False,8,0,0,False,True,True,False,1,,3,20,3,2,9,87,0,0,1,2,True,train,student-por.csv,612
612,POR,MS,F,18,Rural,>3,Juntos,2,2,servicios,otro,cercania,madre,2,3,False,False,False,True,True,True,True,4,2,1,1,1,4,0,False,False,5,True,False,14,14,15,False,False,False,False,0,True,25,534,20,4,64,1297,0,0,0,0,False,train,student-por.csv,613
613,MAT,MS,M,17,Rural,>3,Juntos,4,3,servicios,otro,cercania,madre,2,2,False,True,True,False,True,True,True,4,5,5,1,3,2,0,False,True,4,True,False,13,11,11,False,False,False,True,0,False,10,140,9,4,30,463,0,0,0,0,False,train,student-mat.csv,356
613,POR,MS,M,17,Rural,>3,Juntos,4,3,servicios,otro,cercania,madre,2,2,False,True,True,False,True,True,True,4,5,5,1,3,2,1,False,True,4,True,False,10,11,11,False,False,False,True,0,False,13,199,13,2,34,811,0,0,0,0,False,train,student-por.csv,614
614,MAT,MS,F,18,Urbana,>3,Juntos,3,3,servicios,servicios,oferta,padre,1,2,False,True,False,True,True,False,True,5,3,4,1,1,5,0,False,False,0,True,False,10,9,9,False,False,False,True,1,False,15,280,14,5,39,723,0,0,0,0,False,train,student-mat.csv,357
614,POR,MS,F,18,Urbana,>3,Juntos,3,3,servicios,servicios,oferta,padre,1,2,False,True,False,True,True,False,True,5,3,4,1,1,5,0,False,False,0,True,False,10,10,10,False,False,False,True,0,False,21,419,16,4,57,1167,0,0,0,0,False,train,student-por.csv,615
615,MAT,MS,F,17,Rural,>3,Juntos,4,4,docente,servicios,otro,padre,2,2,False,True,True,True,True,True,False,4,3,3,1,2,5,0,False,True,4,True,False,12,13,13,False,False,False,True,0,True,2,22,2,1,6,304,0,0,0,0,False,train,student-mat.csv,358
615,POR,MS,F,17,Rural,>3,Juntos,4,4,docente,servicios,otro,padre,2,2,False,True,True,True,True,True,False,4,3,3,1,2,5,0,False,True,2,True,False,12,12,12,False,False,False,True,0,False,32,810,25,10,67,1553,0,0,1,1,False,train,student-por.csv,616
616,MAT,MS,F,17,Urbana,<=3,Separados,3,2,servicios,otro,reputacion,madre,2,2,False,False,False,True,True,False,True,1,2,3,1,2,5,0,False,False,2,True,False,12,12,11,False,False,False,True,0,False,11,168,11,6,19,267,0,0,0,0,False,train,student-mat.csv,359
616,POR,MS,F,17,Urbana,<=3,Separados,3,2,servicios,otro,reputacion,madre,2,2,False,False,False,True,True,False,True,1,2,3,1,2,5,0,False,False,0,True,False,15,14,15,False,False,False,True,0,True,8,148,8,0,24,445,0,0,0,0,False,train,student-por.csv,617
617,MAT,MS,M,18,Urbana,<=3,Juntos,1,1,otro,servicios,cercania,padre,2,1,False,False,False,False,True,True,True,3,3,2,1,2,3,0,False,False,4,True,False,10,10,10,False,False,False,True,0,False,8,192,6,2,26,558,0,0,0,0,False,train,student-mat.csv,360
617,POR,MS,M,18,Urbana,<=3,Juntos,1,1,otro,servicios,cercania,padre,2,1,False,False,False,False,True,True,True,3,3,2,1,2,3,0,False,False,2,True,False,14,13,14,False,False,False,True,0,True,10,171,10,4,30,581,0,0,0,0,False,train,student-por.csv,618
618,MAT,MS,F,18,Urbana,<=3,Juntos,1,1,hogar,servicios,oferta,padre,2,3,False,False,False,True,True,True,False,5,3,2,1,1,4,0,False,False,0,True,False,18,16,16,False,False,False,True,0,True,13,299,12,2,64,1458,0,0,0,0,False,train,student-mat.csv,361
618,POR,MS,F,18,Urbana,<=3,Juntos,1,1,hogar,servicios,oferta,padre,2,3,False,False,False,True,True,True,False,5,3,2,1,1,4,0,False,False,0,True,False,19,17,18,False,False,False,True,0,True,20,345,18,5,63,1201,0,0,0,0,False,train,student-por.csv,619
619,POR,MS,F,18,Rural,<=3,Separados,1,2,hogar,otro,oferta,madre,3,2,False,False,False,True,True,False,True,4,3,4,1,4,5,0,False,False,0,True,False,16,15,15,False,False,False,False,0,True,12,187,12,5,27,444,0,0,0,0,False,train,student-por.csv,620
620,MAT,MS,F,18,Urbana,>3,Juntos,3,3,servicios,servicios,otro,madre,2,2,False,True,False,True,True,True,True,4,3,2,1,3,3,0,False,False,0,True,False,11,11,10,False,False,False,True,0,False,49,1176,34,7,138,3542,0,0,0,0,False,train,student-mat.csv,364
620,POR,MS,F,18,Urbana,>3,Juntos,3,3,servicios,servicios,otro,madre,2,2,False,True,False,True,True,True,True,4,3,2,1,3,3,0,False,False,6,True,False,13,12,13,False,False,False,True,0,True,14,290,13,0,37,974,0,0,0,0,False,train,student-por.csv,621
621,MAT,MS,F,17,Urbana,<=3,Juntos,4,4,hogar,hogar,oferta,madre,1,2,False,True,True,True,True,True,True,2,3,4,1,1,1,0,False,True,0,True,False,16,15,15,False,False,False,True,0,True,22,371,20,4,47,894,0,0,0,0,False,test,student-mat.csv,365
621,POR,MS,F,17,Urbana,<=3,Juntos,4,4,hogar,hogar,oferta,madre,1,2,False,True,True,True,True,True,True,2,3,4,1,1,1,0,False,False,4,True,False,15,14,15,False,False,False,True,0,True,22,451,18,3,49,962,0,0,0,0,False,test,student-por.csv,622
622,MAT,MS,F,17,Rural,>3,Juntos,1,2,otro,servicios,oferta,padre,2,2,False,False,False,False,True,False,False,3,2,2,1,2,3,0,False,False,0,True,False,12,11,12,False,False,False,True,0,True,10,248,9,2,30,615,0,0,0,0,False,train,student-mat.csv,366
622,POR,MS,F,17,Rural,>3,Juntos,1,2,otro,servicios,oferta,padre,2,2,False,False,False,False,True,False,False,3,2,2,1,2,3,0,False,False,0,True,False,13,13,13,False,False,False,True,0,True,9,93,9,0,19,266,0,0,0,0,False,train,student-por.csv,623
623,MAT,MS,M,18,Rural,>3,Juntos,1,3,hogar,otro,oferta,madre,2,2,False,True,False,True,True,False,False,3,3,4,2,4,3,0,False,True,4,True,False,10,10,10,False,False,False,True,0,False,19,366,16,2,43,802,0,0,0,0,False,test,student-mat.csv,367
623,POR,MS,M,18,Rural,>3,Juntos,1,3,hogar,otro,oferta,madre,2,2,False,True,False,True,True,False,False,3,3,4,2,4,3,0,False,True,0,True,False,8,10,9,False,False,False,True,1,False,1,11,1,0,5,69,0,0,1,2,True,test,student-por.csv,624
624,MAT,MS,M,18,Urbana,<=3,Juntos,4,4,docente,servicios,otro,madre,2,3,False,False,False,True,True,True,True,4,2,2,2,2,5,0,False,True,0,True,False,13,13,13,False,False,False,True,0,True,29,606,21,5,60,1148,0,0,0,0,False,train,student-mat.csv,368
624,POR,MS,M,18,Urbana,<=3,Juntos,4,4,docente,servicios,otro,madre,2,3,False,False,False,True,True,True,True,4,2,2,2,2,5,0,False,False,0,True,False,15,16,16,False,False,False,True,0,True,5,139,5,1,22,399,0,0,0,0,False,train,student-por.csv,625
625,MAT,MS,F,17,Rural,>3,Juntos,1,1,otro,servicios,reputacion,madre,3,1,False,True,False,True,True,True,True,5,2,1,1,2,1,1,False,True,0,False,False,7,6,0,False,False,True,True,1,,10,160,9,1,26,468,2,1,1,3,True,train,student-mat.csv,369
625,POR,MS,F,17,Rural,>3,Juntos,1,1,otro,servicios,reputacion,madre,3,1,False,True,False,True,True,True,True,5,2,1,1,2,1,1,False,False,0,True,False,8,8,9,False,False,False,True,1,False,9,188,8,2,29,528,0,0,1,2,False,train,student-por.csv,626
626,MAT,MS,F,18,Urbana,>3,Juntos,2,3,hogar,servicios,oferta,padre,2,1,False,True,False,True,True,True,True,5,2,3,1,2,4,0,False,True,0,True,False,11,10,10,False,False,False,True,0,False,22,354,19,5,55,898,0,0,0,0,False,train,student-mat.csv,370
626,POR,MS,F,18,Urbana,>3,Juntos,2,3,hogar,servicios,oferta,padre,2,1,False,True,False,True,True,True,True,5,2,3,1,2,4,0,False,False,0,True,False,10,10,10,False,False,False,True,0,False,12,193,11,2,28,475,0,0,0,0,False,train,student-por.csv,627
627,MAT,MS,F,18,Rural,>3,Juntos,4,4,otro,docente,otro,padre,3,2,False,True,False,False,True,True,True,3,2,2,4,2,5,0,False,True,10,True,False,14,12,11,False,False,False,True,0,False,16,506,14,6,30,736,0,0,0,0,False,train,student-mat.csv,371
627,POR,MS,F,18,Rural,>3,Juntos,4,4,otro,docente,otro,padre,3,2,False,True,False,False,True,True,True,3,2,2,4,2,5,0,False,False,0,False,False,7,5,0,False,False,True,True,1,,10,134,10,6,28,476,3,2,1,3,False,train,student-por.csv,628
628,MAT,MS,M,18,Rural,<=3,Juntos,1,2,hogar,servicios,otro,padre,3,1,False,True,True,True,False,True,True,4,3,3,2,3,3,0,False,True,3,True,False,14,12,12,False,False,False,True,0,True,33,764,29,6,88,2144,0,0,0,0,False,train,student-mat.csv,373
628,POR,MS,M,18,Rural,<=3,Juntos,1,2,hogar,servicios,otro,padre,3,1,False,True,True,True,False,True,True,4,3,3,2,3,3,0,False,False,3,True,False,9,10,10,False,False,False,True,0,False,27,579,21,8,67,1315,1,1,1,2,True,train,student-por.csv,629
629,MAT,MS,F,17,Urbana,>3,Juntos,2,2,otro,hogar,cercania,madre,1,3,False,False,True,True,True,False,True,3,4,3,1,1,3,0,False,False,8,True,False,13,11,11,False,False,False,True,0,False,13,305,12,3,32,807,0,0,0,0,False,train,student-mat.csv,374
629,POR,MS,F,17,Urbana,>3,Juntos,2,2,otro,hogar,cercania,madre,1,3,False,False,True,True,True,False,True,3,4,3,1,1,3,0,False,False,8,True,False,10,11,12,False,False,False,True,0,False,10,175,10,4,18,329,0,0,0,0,False,train,student-por.csv,630
630,MAT,MS,F,17,Rural,>3,Juntos,1,2,otro,otro,oferta,madre,1,1,False,False,True,True,True,True,False,3,5,5,1,3,1,0,False,False,14,True,False,6,5,5,False,False,False,True,1,False,1,5,1,0,5,32,1,1,1,3,True,train,student-mat.csv,375
630,POR,MS,F,17,Rural,>3,Juntos,1,2,otro,otro,oferta,madre,1,1,False,False,True,True,True,True,False,3,5,5,1,3,1,0,False,False,4,True,False,7,8,9,False,False,False,True,1,False,3,53,2,1,11,180,3,1,1,3,True,train,student-por.csv,631
631,MAT,MS,F,18,Rural,<=3,Juntos,4,4,otro,otro,reputacion,madre,2,3,False,False,False,True,True,True,False,5,4,4,1,1,1,0,False,False,0,True,False,19,18,19,False,False,False,True,0,True,18,465,17,2,54,1373,0,0,0,0,False,test,student-mat.csv,376
631,POR,MS,F,18,Rural,<=3,Juntos,4,4,otro,otro,reputacion,madre,2,3,False,False,False,True,True,True,False,5,4,4,1,1,1,0,False,False,0,True,False,15,17,17,False,False,False,True,0,True,76,2083,47,16,195,5300,0,0,0,0,False,test,student-por.csv,632
632,MAT,MS,F,18,Rural,>3,Juntos,1,1,otro,otro,cercania,madre,4,3,False,False,False,True,True,True,False,4,3,2,1,2,4,0,False,False,2,True,False,8,8,10,False,False,False,True,0,False,81,2311,47,10,224,6017,0,0,0,0,False,train,student-mat.csv,377
632,POR,MS,F,18,Rural,>3,Juntos,1,1,otro,otro,cercania,madre,4,3,False,False,False,True,True,True,False,4,3,2,1,2,4,0,False,False,4,True,False,10,11,12,False,False,False,True,0,False,275,8957,65,59,682,22886,0,0,0,0,False,train,student-por.csv,633
633,POR,MS,F,19,Rural,>3,Juntos,1,1,hogar,otro,oferta,otro,2,2,False,True,False,True,True,True,True,4,3,3,1,1,3,1,False,False,4,True,False,7,8,9,False,False,False,False,1,False,6,95,6,2,11,158,4,3,1,3,False,test,student-por.csv,634
634,MAT,MS,F,18,Rural,<=3,Juntos,4,4,docente,servicios,oferta,madre,1,2,False,False,True,True,True,True,False,5,4,3,3,4,2,0,False,True,4,True,False,8,9,10,False,False,False,True,0,False,3,35,3,1,11,133,0,0,1,2,True,train,student-mat.csv,379
634,POR,MS,F,18,Rural,<=3,Juntos,4,4,docente,servicios,oferta,madre,1,2,False,False,True,True,True,True,False,5,4,3,3,4,2,0,False,False,1,True,False,13,14,14,False,False,False,True,0,True,10,225,10,6,33,628,0,0,0,0,False,train,student-por.csv,635
635,MAT,MS,F,18,Urbana,>3,Juntos,3,3,otro,otro,cercania,madre,1,2,False,False,False,True,True,True,True,4,1,3,1,2,1,0,False,True,0,True,False,15,15,15,False,False,False,True,0,True,24,523,21,5,63,1261,0,0,0,0,False,train,student-mat.csv,380
635,POR,MS,F,18,Urbana,>3,Juntos,3,3,otro,otro,cercania,madre,1,2,False,False,False,True,True,True,True,4,1,3,1,2,1,0,False,False,1,True,False,16,16,16,False,False,False,True,0,True,10,138,8,1,26,427,0,0,0,0,False,train,student-por.csv,636
636,MAT,MS,F,17,Rural,>3,Juntos,3,1,hogar,otro,reputacion,madre,1,2,False,True,True,False,True,True,False,4,5,4,2,3,1,0,False,True,17,True,False,10,10,10,False,False,False,True,0,False,12,221,11,4,41,762,0,0,0,0,False,train,student-mat.csv,381
636,POR,MS,F,17,Rural,>3,Juntos,3,1,hogar,otro,reputacion,madre,1,2,False,True,True,False,True,True,False,4,5,4,2,3,1,0,False,False,10,True,False,8,9,9,False,False,False,True,1,False,10,128,10,2,35,866,3,2,1,2,False,train,student-por.csv,637
637,MAT,MS,M,18,Urbana,>3,Juntos,4,4,docente,docente,cercania,padre,1,2,False,False,True,False,True,True,False,3,2,4,1,4,2,0,False,True,4,True,False,15,14,14,False,False,False,True,0,True,19,587,15,5,52,1252,0,0,0,0,False,test,student-mat.csv,382
637,POR,MS,M,18,Urbana,>3,Juntos,4,4,docente,docente,cercania,padre,1,2,False,False,True,False,True,True,False,3,2,4,1,4,2,0,False,False,4,True,False,17,18,19,False,False,False,True,0,True,7,166,7,0,20,440,2,1,0,0,False,test,student-por.csv,638
638,MAT,MS,M,18,Rural,>3,Juntos,2,1,otro,otro,otro,madre,2,1,False,False,True,False,True,True,True,4,4,3,1,3,5,0,False,False,5,True,False,7,6,7,False,False,False,True,1,False,7,132,7,3,15,265,1,1,1,3,False,test,student-mat.csv,383
638,POR,MS,M,18,Rural,>3,Juntos,2,1,otro,otro,otro,madre,2,1,False,False,True,False,True,True,True,4,4,3,1,3,5,0,False,False,0,False,False,7,7,0,False,False,True,True,1,,0,0,0,0,2,39,6,6,1,3,True,test,student-por.csv,639
639,MAT,MS,M,17,Urbana,>3,Juntos,2,3,otro,servicios,cercania,padre,2,2,False,False,True,True,True,True,False,4,4,3,1,1,3,0,False,False,2,True,False,11,11,10,False,False,False,True,0,False,25,465,20,10,65,1245,0,0,0,0,False,train,student-mat.csv,384
639,POR,MS,M,17,Urbana,>3,Juntos,2,3,otro,servicios,cercania,padre,2,2,False,False,True,True,True,True,False,4,4,3,1,1,3,0,False,False,4,True,False,14,15,16,False,False,False,True,0,True,23,412,20,7,82,1659,0,0,0,0,False,train,student-por.csv,640
640,MAT,MS,M,19,Rural,>3,Juntos,1,1,otro,servicios,otro,madre,2,1,False,False,False,True,True,False,False,4,3,2,1,3,5,1,False,False,0,False,False,6,5,0,False,False,True,True,1,,6,89,6,2,13,232,2,2,1,3,True,train,student-mat.csv,385
640,POR,MS,M,19,Rural,>3,Juntos,1,1,otro,servicios,otro,madre,2,1,False,False,False,True,True,False,False,4,3,2,1,3,5,1,False,False,0,False,False,5,8,0,False,False,True,True,1,,9,147,8,4,15,225,0,0,1,3,False,train,student-por.csv,641
641,MAT,MS,M,18,Rural,>3,Juntos,4,2,otro,otro,cercania,padre,2,1,False,False,False,True,True,False,False,5,4,3,4,3,3,1,False,True,14,True,False,6,5,5,False,False,False,True,1,False,1,16,1,0,13,155,2,1,1,3,True,train,student-mat.csv,386
641,POR,MS,M,18,Rural,>3,Juntos,4,2,otro,otro,cercania,padre,2,1,False,False,False,True,True,False,False,5,4,3,4,3,3,1,False,True,0,False,False,7,7,0,False,False,True,True,1,,4,68,4,0,11,149,0,0,1,3,True,train,student-por.csv,642
642,MAT,MS,F,18,Rural,>3,Juntos,2,2,hogar,otro,otro,madre,2,3,False,False,False,True,True,False,False,5,3,3,1,3,4,0,False,True,2,True,False,10,9,10,False,False,False,True,0,False,9,157,8,0,33,647,0,0,0,0,False,train,student-mat.csv,387
642,POR,MS,F,18,Rural,>3,Juntos,2,2,hogar,otro,otro,madre,2,3,False,False,False,True,True,False,False,5,3,3,1,3,4,0,False,False,0,True,False,14,17,15,False,False,False,True,0,True,17,309,13,4,46,876,0,0,0,0,False,train,student-por.csv,643
643,POR,MS,F,17,Urbana,>3,Juntos,4,3,docente,otro,otro,madre,2,2,False,False,False,True,True,True,False,5,5,4,1,1,1,0,False,False,0,True,False,6,9,11,False,False,False,False,0,False,26,798,23,9,61,1440,2,2,1,3,False,train,student-por.csv,644
644,MAT,MS,F,18,Rural,>3,Juntos,4,4,docente,hogar,reputacion,madre,3,1,False,True,True,True,True,True,True,4,4,3,2,2,5,0,False,True,7,True,False,6,5,6,False,False,False,True,1,False,7,136,7,0,25,441,1,1,1,3,False,train,student-mat.csv,388
644,POR,MS,F,18,Rural,>3,Juntos,4,4,docente,hogar,reputacion,madre,3,1,False,True,True,True,True,True,True,4,4,3,2,2,5,0,False,False,4,True,False,7,9,10,False,False,False,True,0,False,10,112,9,1,26,376,1,0,1,3,True,train,student-por.csv,645
645,MAT,MS,F,19,Rural,>3,Juntos,2,3,servicios,otro,oferta,madre,1,3,False,False,True,False,True,True,False,5,4,2,1,2,5,1,False,False,0,False,False,7,5,0,False,False,True,True,1,,20,385,17,6,59,1270,0,0,1,3,True,test,student-mat.csv,389
645,POR,MS,F,19,Rural,>3,Juntos,2,3,servicios,otro,oferta,madre,1,3,False,False,True,False,True,True,False,5,4,2,1,2,5,1,False,False,4,True,False,10,11,10,False,False,False,True,0,False,11,164,11,1,18,265,0,0,0,0,False,test,student-por.csv,646
646,MAT,MS,F,18,Urbana,<=3,Juntos,3,1,docente,servicios,oferta,madre,1,2,False,True,False,True,True,True,False,4,3,4,1,1,1,0,False,True,0,True,False,7,9,8,False,False,False,True,1,False,16,291,15,4,48,859,0,0,1,3,True,train,student-mat.csv,390
646,POR,MS,F,18,Urbana,<=3,Juntos,3,1,docente,servicios,oferta,madre,1,2,False,True,False,True,True,True,False,4,3,4,1,1,1,0,False,False,4,True,False,15,15,16,False,False,False,True,0,True,16,323,14,4,38,660,0,0,0,0,False,train,student-por.csv,647
647,MAT,MS,F,18,Urbana,>3,Juntos,1,1,otro,otro,oferta,madre,2,2,False,False,True,True,True,False,False,1,1,1,1,1,5,1,False,False,0,False,False,6,5,0,False,False,True,True,1,,9,114,9,2,36,449,2,2,0,0,False,train,student-mat.csv,391
647,POR,MS,F,18,Urbana,>3,Juntos,1,1,otro,otro,oferta,madre,2,2,False,False,True,True,True,False,False,1,1,1,1,1,5,0,False,False,6,True,False,11,12,9,False,False,False,True,1,False,11,226,10,2,28,587,0,0,0,0,False,train,student-por.csv,648
648,MAT,MS,M,17,Urbana,<=3,Juntos,3,1,servicios,servicios,oferta,madre,2,1,False,False,False,False,True,True,False,2,4,5,3,4,2,0,False,False,3,True,False,14,16,16,False,False,False,True,0,True,10,225,9,1,21,362,0,0,0,0,False,train,student-mat.csv,393
648,POR,MS,M,17,Urbana,<=3,Juntos,3,1,servicios,servicios,oferta,madre,2,1,False,False,False,False,True,True,False,2,4,5,3,4,2,0,False,False,6,True,False,10,10,10,False,False,False,True,0,False,1,18,1,0,11,188,0,0,0,0,False,train,student-por.csv,649
649,MAT,MS,M,18,Rural,<=3,Juntos,3,2,servicios,otro,oferta,madre,3,1,False,False,False,False,True,True,False,4,4,1,3,4,5,0,False,False,0,True,False,11,12,10,False,False,False,True,0,False,7,88,7,1,16,226,0,0,0,0,False,train,student-mat.csv,395
649,POR,MS,M,18,Rural,<=3,Juntos,3,2,servicios,otro,oferta,madre,3,1,False,False,False,False,True,True,False,4,4,1,3,4,5,0,False,False,4,True,False,10,11,11,False,False,False,True,0,False,9,105,9,1,12,147,0,0,0,0,False,train,student-por.csv,650
650,MAT,GP,M,18,Rural,>3,Juntos,2,2,servicios,otro,reputacion,madre,1,1,False,True,True,True,True,True,False,3,3,3,1,2,4,2,False,False,0,False,False,7,4,0,False,False,True,False,1,,4,37,4,1,9,96,0,0,1,3,True,train,student-mat.csv,130
651,MAT,GP,M,15,Rural,>3,Juntos,3,2,otro,otro,oferta,madre,2,2,True,True,False,True,True,True,True,4,4,4,1,4,3,2,False,False,6,True,False,5,9,7,False,False,False,False,1,False,4,68,4,1,19,281,3,1,1,3,True,train,student-mat.csv,163
652,MAT,GP,M,16,Urbana,<=3,Juntos,1,2,otro,otro,oferta,madre,2,1,False,False,True,True,True,False,False,4,4,4,2,4,5,1,False,False,0,False,False,7,0,0,False,True,True,False,1,,4,55,4,1,14,193,0,0,1,3,True,train,student-mat.csv,164
653,MAT,GP,M,17,Urbana,>3,Juntos,1,3,hogar,servicios,oferta,padre,1,1,False,False,False,True,False,True,False,5,3,3,1,4,2,0,False,False,2,True,False,10,10,10,False,False,False,False,0,False,20,432,18,4,44,1027,0,0,0,0,False,train,student-mat.csv,165
654,MAT,GP,M,16,Urbana,>3,Juntos,3,2,servicios,servicios,oferta,madre,2,1,False,True,True,False,False,False,False,4,5,2,1,1,2,1,False,False,16,True,False,12,11,12,False,False,False,False,0,True,7,346,7,1,18,574,0,0,0,0,False,test,student-mat.csv,167
655,MAT,GP,F,18,Urbana,<=3,Juntos,2,1,servicios,hogar,reputacion,madre,1,2,False,False,False,True,True,True,True,5,4,3,1,1,5,1,False,False,12,True,False,12,12,13,False,False,False,False,0,True,6,84,6,0,16,228,0,0,0,0,False,train,student-mat.csv,294
656,MAT,GP,M,19,Urbana,>3,Juntos,3,3,otro,otro,cercania,otro,1,2,False,True,True,True,True,True,True,4,4,4,1,1,3,1,False,False,20,True,False,15,14,13,False,False,False,False,0,True,8,138,8,1,33,633,0,0,0,0,False,train,student-mat.csv,306
657,MAT,GP,F,18,Urbana,>3,Juntos,2,4,servicios,hogar,reputacion,otro,1,2,False,True,True,True,True,True,False,4,4,3,1,1,3,1,False,True,8,True,False,14,12,12,False,False,False,False,0,True,4,50,4,0,13,192,0,0,0,0,False,train,student-mat.csv,307
658,MAT,GP,M,19,Urbana,>3,Juntos,4,4,docente,servicios,reputacion,otro,2,1,False,True,False,True,True,True,True,4,3,4,1,1,4,1,False,True,38,True,True,8,9,8,False,False,False,False,1,False,9,139,9,5,24,356,0,0,1,2,True,test,student-mat.csv,309
659,MAT,GP,F,19,Urbana,<=3,Juntos,1,1,hogar,otro,reputacion,otro,1,2,True,True,True,False,True,True,False,4,4,3,1,3,3,1,False,False,18,True,False,12,10,10,False,False,False,False,0,False,15,285,12,2,56,1111,0,0,0,0,False,train,student-mat.csv,311
660,MAT,GP,F,19,Urbana,<=3,Juntos,1,2,servicios,servicios,cercania,otro,1,2,False,False,True,False,True,False,True,4,2,4,2,2,3,1,False,False,0,False,False,9,9,0,False,False,True,False,1,,0,0,0,0,1,8,1,1,0,0,False,test,student-mat.csv,312
661,MAT,GP,F,19,Urbana,>3,Juntos,2,1,hogar,otro,otro,otro,3,2,False,True,False,True,False,True,True,3,4,1,1,1,2,0,False,False,20,True,False,14,12,13,False,False,False,False,0,True,7,132,7,2,12,199,0,0,0,0,False,train,student-mat.csv,313
662,MAT,GP,M,19,Urbana,>3,Juntos,1,2,otro,servicios,oferta,otro,1,2,False,False,False,False,True,True,False,4,5,2,2,2,4,1,False,False,3,True,False,13,11,11,False,False,False,False,0,False,18,288,16,3,65,1299,0,0,0,0,False,train,student-mat.csv,314
663,MAT,GP,F,19,Urbana,<=3,Juntos,3,2,servicios,otro,reputacion,otro,2,2,False,True,False,False,True,True,True,4,2,2,1,2,1,1,False,True,22,True,False,13,10,11,False,False,False,False,0,False,5,63,5,1,14,174,0,0,0,0,False,train,student-mat.csv,315
664,MAT,GP,F,19,Urbana,>3,Juntos,1,1,hogar,salud,cercania,otro,1,3,False,False,False,False,True,True,True,4,1,2,1,1,3,2,False,False,14,True,False,15,13,13,False,False,False,False,0,True,12,203,11,2,28,452,2,1,1,2,True,train,student-mat.csv,316
665,MAT,GP,F,19,Rural,>3,Juntos,2,3,otro,otro,reputacion,otro,1,3,False,False,False,True,True,True,True,4,1,2,1,1,3,1,False,False,40,True,True,13,11,11,False,False,False,False,0,False,21,375,17,5,70,1376,0,0,0,0,False,train,student-mat.csv,317
666,MAT,GP,F,19,Rural,>3,Separados,3,1,servicios,hogar,cercania,otro,1,3,False,False,False,True,True,False,False,5,4,3,1,2,5,1,False,True,12,True,False,14,13,13,False,False,False,False,0,True,3,36,3,1,8,104,0,0,0,0,False,test,student-mat.csv,338
667,MAT,GP,F,19,Urbana,>3,Juntos,2,1,servicios,servicios,cercania,otro,1,3,False,False,True,True,True,True,True,4,3,4,1,3,3,1,False,True,4,True,False,11,12,11,False,False,False,False,0,False,6,119,6,1,15,229,0,0,0,0,False,train,student-mat.csv,342
668,MAT,MS,F,18,Rural,<=3,Separados,1,4,hogar,otro,oferta,madre,3,2,False,False,False,True,True,False,True,4,3,4,1,4,5,0,False,False,0,True,False,13,13,13,False,False,False,False,0,True,3,33,3,1,10,88,0,0,0,0,False,train,student-mat.csv,362
669,MAT,MS,M,18,Rural,<=3,Juntos,1,1,hogar,otro,otro,madre,2,2,False,False,True,False,False,False,False,4,4,3,2,3,5,1,False,False,2,True,False,13,12,12,False,False,False,False,0,True,4,38,4,0,14,153,0,0,0,0,False,test,student-mat.csv,363
670,MAT,MS,F,19,Urbana,<=3,Juntos,3,2,servicios,servicios,cercania,otro,2,2,False,False,True,True,True,False,True,3,2,2,1,1,3,2,False,False,4,True,False,7,7,9,False,False,False,False,1,False,0,0,0,0,3,24,2,1,1,3,False,train,student-mat.csv,372
671,MAT,MS,F,20,Urbana,>3,Juntos,4,2,salud,otro,oferta,otro,2,3,False,True,False,False,True,True,True,5,4,3,1,1,3,2,False,True,4,True,False,15,14,15,False,False,False,False,0,True,9,102,9,2,21,430,3,2,1,2,True,train,student-mat.csv,378
672,MAT,MS,M,20,Urbana,<=3,Separados,2,2,servicios,servicios,oferta,otro,1,2,False,True,False,True,True,False,False,5,5,4,4,5,4,2,False,True,11,True,False,9,9,9,False,False,False,False,1,False,2,17,2,0,13,253,0,0,1,2,True,train,student-mat.csv,392
673,MAT,MS,M,21,Rural,>3,Juntos,1,1,otro,otro,oferta,otro,1,1,False,False,False,False,True,False,False,5,5,3,3,3,3,3,True,False,3,True,False,10,8,7,False,False,False,False,1,False,0,0,0,0,2,18,0,0,1,2,True,train,student-mat.csv,394
674,MAT,MS,M,19,Urbana,<=3,Juntos,1,1,otro,hogar,oferta,padre,1,1,False,False,False,True,True,True,False,3,2,3,3,3,5,0,False,False,5,True,False,8,9,9,False,False,False,False,1,False,7,71,6,0,18,225,2,2,1,2,True,train,student-mat.csv,396
